Workbook

Sheet Sheet1
A1: ('T265', 'Time (sec)') | B1: ('T265', 'X (m)') | C1: ('T265', 'Y (m)') | D1: ('T265', 'Z (m)') | E1: ('T265', 'Row (rad)') | F1: ('T265', 'Pitch (rad)') | G1: ('T265', 'Yaw (rad)') | H1: ('T265', 'Yaw (deg)') | I1: ('Turtlebot', 'Time (sec)') | J1: ('Turtlebot', 'X (m)') | K1: ('Turtlebot', 'Y (m)') | L1: ('Turtlebot', 'Z (m)') | M1: ('Turtlebot', 'Row (rad)') | N1: ('Turtlebot', 'Pitch (rad)') | O1: ('Turtlebot', 'Yaw (rad)') | P1: ('Turtlebot', 'Yaw (deg)') | Q1: ('Estimate', 'Time (sec)') | R1: ('Estimate', 'X (m)') | S1: ('Estimate', 'Y (m)') | T1: ('Estimate', 'Z (m)') | U1: ('Estimate', 'Row (rad)') | V1: ('Estimate', 'Pitch (rad)') | W1: ('Estimate', 'Yaw (rad)') | X1: ('Estimate', 'Yaw (deg)')
A2: 0 | B2: 0 | C2: 0 | D2: 0 | E2: 0 | F2: 0 | G2: 0 | H2: 0 | I2: 0 | J2: 0 | K2: 0 | L2: 0 | M2: 0 | N2: 0 | O2: 0 | P2: 0 | Q2: 0 | R2: 0 | S2: 0 | T2: 0 | U2: 0 | V2: 0 | W2: 0 | X2: 0
A3: -0.008574009 | B3: -0.0010200279 | C3: 0.00091544539 | D3: -0.0014444962 | E3: 0.012985554 | F3: 0.044131987 | G3: -0.00037275799 | H3: 359.97864 | I3: -0.007024332 | J3: 0 | K3: 0 | L3: 0 | M3: 0 | N3: 0 | O3: 0 | P3: 0 | Q3: -1.6007198e+09 | R3: 0 | S3: 0 | T3: 0 | U3: 0 | V3: 0 | W3: 0 | X3: 0
A4: 0.086407185 | B4: -0.0014565727 | C4: 0.00073432457 | D4: -0.0010956323 | E4: 0.012669625 | F4: 0.04113395 | G4: -0.00040864564 | H4: 359.97659 | I4: 0.072962251 | J4: 0 | K4: 0 | L4: 0 | M4: 0 | N4: 0 | O4: 0 | P4: 0 | Q4: -1.6007198e+09 | R4: 0 | S4: 0 | T4: 0 | U4: 0 | V4: 0 | W4: 0 | X4: 0
A5: 0.17636871 | B5: -0.0012462448 | C5: 0.00058772898 | D5: -0.00099460711 | E5: 0.011230174 | F5: 0.046039037 | G5: -0.00065089647 | H5: 359.96271 | I5: 0.15286887 | J5: 0 | K5: 0 | L5: 0 | M5: 0 | N5: 0 | O5: 0 | P5: 0 | Q5: -1.6007198e+09 | R5: 0 | S5: 0 | T5: 0 | U5: 0 | V5: 0 | W5: 0 | X5: 0
A6: 0.2813468 | B6: 0.0001792368 | C6: 0.0001901661 | D6: -0.00082317617 | E6: 0.011714632 | F6: 0.05003845 | G6: -0.00052916878 | H6: 359.96968 | I6: 0.29075378 | J6: 0 | K6: 0 | L6: 0 | M6: 0 | N6: 0 | O6: 0 | P6: 0 | Q6: -1.6007198e+09 | R6: 0 | S6: 0 | T6: 0 | U6: 0 | V6: 0 | W6: 0 | X6: 0
A7: 0.41132069 | B7: 0.00044789945 | C7: -0.00028990791 | D7: -0.00048396696 | E7: 0.01091119 | F7: 0.048923591 | G7: -0.00054222912 | H7: 359.96893 | I7: 0.39265553 | J7: 0 | K7: 0 | L7: 0 | M7: 0 | N7: 0 | O7: 0 | P7: 0 | Q7: 0.39775181 | U7: 0 | V7: 0 | W7: 0 | X7: 0
A8: 0.50130272 | B8: -0.00043560233 | C8: 0.0006920576 | D8: -0.00087610976 | E8: 0.00916641 | F8: 0.047359735 | G8: -0.00048344875 | H8: 359.9723 | I8: 0.47267141 | J8: 0 | K8: 0 | L8: 0 | M8: 0 | N8: 0 | O8: 0 | P8: 0 | Q8: 0.49245787 | R8: 0.0043763714 | S8: -0.0032643584 | T8: -0.0010063679 | U8: 0.0069218922 | V8: 0.00060897674 | W8: 0.0085473657 | X8: 0.48972798
A9: 0.59128475 | B9: -0.00048079295 | C9: 0.00034700209 | D9: -0.00084376172 | E9: 0.0098520122 | F9: 0.04749397 | G9: -0.00041292308 | H9: 359.97634 | I9: 0.55262864 | J9: 0 | K9: 0 | L9: 0 | M9: 0 | N9: 0 | O9: 0 | P9: 0 | Q9: 0.57794786 | R9: 0.0042736421 | S9: -0.0031541593 | T9: -0.0010912128 | U9: 0.0068107188 | V9: 0.00068119564 | W9: 0.0085995755 | X9: 0.49271938
A10: 0.6862433 | B10: -0.00053842843 | C10: 0.00051428855 | D10: -0.00071853324 | E10: 0.0094673635 | F10: 0.047628942 | G10: -0.00046497843 | H10: 359.97336 | I10: 0.63247436 | J10: 0 | K10: 0 | L10: 0 | M10: 0 | N10: 0 | O10: 0 | P10: 0 | Q10: 0.66052699 | R10: 0.0043568145 | S10: -0.0031882457 | T10: -0.0010660557 | U10: 0.0068671162 | V10: 0.00069297986 | W10: 0.0086016798 | X10: 0.49283995
A11: 0.78622341 | B11: 0.00029928534 | C11: 0.00015729791 | D11: -0.00042787922 | E11: 0.0097341426 | F11: 0.048281707 | G11: -0.00038698484 | H11: 359.97783 | I11: 0.79250431 | J11: 0 | K11: 0 | L11: 0 | M11: 0 | N11: 0 | O11: 0 | P11: 0 | Q11: 0.81179285 | R11: 0.0040867227 | S11: -0.0032967619 | T11: -0.00074551559 | U11: 0.006998102 | V11: 0.00078066144 | W11: 0.0086675027 | X11: 0.49661133
A12: 0.88120437 | B12: -9.998148e-05 | C12: 6.2518913e-05 | D12: -0.00066754984 | E12: 0.0098185651 | F12: 0.047888857 | G12: -0.00047342663 | H12: 359.97287 | I12: 0.872358 | J12: 0 | K12: 0 | L12: 0 | M12: 0 | N12: 0 | O12: 0 | P12: 0 | Q12: 0.87708878 | R12: 0.0040144044 | S12: -0.0033414865 | T12: -0.00089927471 | U12: 0.0069700061 | V12: 0.00069184937 | W12: 0.0086620105 | X12: 0.49629664
A13: 0.97118616 | B13: -0.00066497334 | C13: 0.00045139596 | D13: -0.00059998571 | E13: 0.0095202943 | F13: 0.047673375 | G13: -0.00038110562 | H13: 359.97816 | I13: 0.95228704 | J13: 0 | K13: 0 | L13: 0 | M13: 0 | N13: 0 | O13: 0 | P13: 0 | Q13: 0.96310878 | R13: 0.0036923242 | S13: -0.0033835322 | T13: -0.00089524613 | U13: 0.0068843954 | V13: 0.00065067176 | W13: 0.0086233666 | X13: 0.49408251
A14: 1.1111584 | B14: -0.00033561949 | C14: 0.00025441116 | D14: -0.00062989153 | E14: 0.0096225262 | F14: 0.047843267 | G14: -0.00040204557 | H14: 359.97696 | I14: 1.090152 | J14: 0 | K14: 0 | L14: 0 | M14: 0 | N14: 0 | O14: 0 | P14: 0 | Q14: 1.1082318 | R14: 0.0037549736 | S14: -0.0033971274 | T14: -0.00078634438 | U14: 0.0069637199 | V14: 0.00067685928 | W14: 0.0086423361 | X14: 0.49516938
A15: 1.2011466 | B15: -0.00037013419 | C15: 0.00034429162 | D15: -0.00051582523 | E15: 0.0094984586 | F15: 0.047852069 | G15: -0.00050373552 | H15: 359.97114 | I15: 1.1931878 | J15: 0 | K15: 0 | L15: 0 | M15: 0 | N15: 0 | O15: 0 | P15: 0 | Q15: 1.1621649 | R15: 0.0036150879 | S15: -0.0033154247 | T15: -0.0007427936 | U15: 0.0069427831 | V15: 0.00067636967 | W15: 0.0086219043 | X15: 0.49399873
A16: 1.2911286 | B16: -0.00034649562 | C16: 0.00035606383 | D16: -0.00067836663 | E16: 0.0093708263 | F16: 0.047862509 | G16: -0.00044807534 | H16: 359.97433 | I16: 1.2722169 | J16: 0 | K16: 0 | L16: 0 | M16: 0 | N16: 0 | O16: 0 | P16: 0 | Q16: 1.2692578 | R16: 0.0037124729 | S16: -0.003358256 | T16: -0.00060004246 | U16: 0.0069475187 | V16: 0.00074634982 | W16: 0.0086444677 | X16: 0.49529151
A17: 1.3811107 | B17: -0.00045245606 | C17: 0.00023477584 | D17: -0.00033821253 | E17: 0.0093928546 | F17: 0.04768755 | G17: -0.00040820716 | H17: 359.97661 | I17: 1.4100127 | J17: 0 | K17: 0 | L17: 0 | M17: 0 | N17: 0 | O17: 0 | P17: 0 | Q17: 1.3825569 | R17: 0.0036210181 | S17: -0.003307638 | T17: -0.00075582812 | U17: 0.0068546526 | V17: 0.00070491683 | W17: 0.008686675 | X17: 0.49770981
A18: 1.4810908 | B18: -0.00037497995 | C18: 0.00018438655 | D18: -0.00071130326 | E18: 0.0093696326 | F18: 0.047818263 | G18: -0.00042297007 | H18: 359.97577 | I18: 1.4909199 | J18: 0 | K18: 0 | L18: 0 | M18: 0 | N18: 0 | O18: 0 | P18: 0 | Q18: 1.4924419 | R18: 0.003732188 | S18: -0.0032622483 | T18: -0.00070826969 | U18: 0.0068843221 | V18: 0.00074736178 | W18: 0.0086735741 | X18: 0.49695919
A19: 1.6160636 | B19: -9.0592468e-05 | C19: 0.00034505854 | D19: -0.00090379402 | E19: 0.0092018238 | F19: 0.047747237 | G19: -0.00035300063 | H19: 359.97977 | I19: 1.5929347 | J19: 0 | K19: 0 | L19: 0 | M19: 0 | N19: 0 | O19: 0 | P19: 0 | Q19: 1.6027858 | R19: 0.0037527727 | S19: -0.0033489288 | T19: -0.00080834707 | U19: 0.0068991613 | V19: 0.00064973609 | W19: 0.0086536195 | X19: 0.49581588
... A80: 7.6947091 | B80: 0.49651504 | C80: -7.3636642e-05 | D80: -0.0060133808 | E80: 0.0096456313 | F80: 0.035597862 | G80: 0.0014066568 | H80: 0.080595498 | I80: 7.7087749 | J80: 0.5062508 | K80: -0.00014936142 | L80: 0 | M80: 0 | N80: 0 | O80: 0.0010471976 | P80: 0.06 | Q80: 7.5869348 | R80: 0.42869771 | S80: 0.011463052 | T80: 0.0067722304 | U80: 0.039453418 | V80: 0.0026917838 | W80: 0.035336812 | X80: 2.0246502
A81: 7.7846913 | B81: 0.5116899 | C81: -0.00047851237 | D81: -0.010463135 | E81: 0.0095483608 | F81: 0.048004079 | G81: 0.001013955 | H81: 0.058095341 | I81: 7.768575 | J81: 0.51034482 | K81: -0.00014507417 | L81: 0 | M81: 0 | N81: 0 | O81: 0.0010471976 | P81: 0.06 | Q81: 7.8055458 | U81: 0 | V81: 0 | W81: 0 | X81: 0
A82: 7.8746736 | B82: 0.51549232 | C82: 0.00067708315 | D82: -0.010961742 | E82: 0.0082137386 | F82: 0.056656316 | G82: 0.0012535844 | H82: 0.071825094 | I82: 7.8884875 | J82: 0.51128303 | K82: -0.0001445606 | L82: 0 | M82: 0 | N82: 0 | O82: 0.00034906585 | P82: 0.02 | Q82: 7.8679368 | R82: 0.49407219 | S82: -0.0024746312 | T82: -0.0042033421 | U82: 0.024362869 | V82: 0.003251203 | W82: 0.046337626 | X82: 2.6549504
A83: 8.0096474 | B83: 0.50403214 | C83: -0.0001205083 | D83: -0.0056837816 | E83: 0.010085546 | F83: 0.028927319 | G83: 0.00055272192 | H83: 0.031668633 | I83: 7.9484667 | J83: 0.51158156 | K83: -0.00014445639 | L83: 0 | M83: 0 | N83: 0 | O83: 0.00017453293 | P83: 0.01 | Q83: 7.8679368 | R83: 0.49407219 | S83: -0.0024746312 | T83: -0.0042033421 | U83: 0.024362869 | V83: 0.003251203 | W83: 0.046337626 | X83: 2.6549504
A84: 8.0996294 | B84: 0.50546044 | C84: 0.00047555144 | D84: -0.0089708641 | E84: 0.010223174 | F84: 0.033608076 | G84: 0.00041729493 | H84: 0.023909238 | I84: 8.0883467 | J84: 0.51064334 | K84: -0.00014426287 | L84: 0 | M84: 0 | N84: 0 | O84: -0.0006981317 | P84: 359.96 | Q84: 8.0918629 | R84: 0.48020267 | S84: -0.0014594326 | T84: 0.0018792815 | U84: 0.055935867 | V84: 0.0025819587 | W84: 0.0530774 | X84: 3.041111
A85: 8.1895626 | B85: 0.50694638 | C85: 0.00025912479 | D85: -0.0091872616 | E85: 0.0096102901 | F85: 0.037993029 | G85: 0.00098184754 | H85: 0.05625572 | I85: 8.1683258 | J85: 0.51081393 | K85: -0.00014438196 | L85: 0 | M85: 0 | N85: 0 | O85: -0.0006981317 | P85: 359.96 | Q85: 8.192956 | R85: 0.48368983 | S85: -0.0010076664 | T85: -6.3296154e-05 | U85: 0.049706848 | V85: 0.0035567273 | W85: 0.05353941 | X85: 3.0675822
A86: 8.2795446 | B86: 0.50568461 | C86: 0.00022012882 | D86: -0.0080768978 | E86: 0.0099116628 | F86: 0.034669891 | G86: 0.0008980264 | H86: 0.051453122 | I86: 8.2881947 | J86: 0.51111245 | K86: -0.00014459037 | L86: 0 | M86: 0 | N86: 0 | O86: -0.00017453293 | P86: 359.99 | Q86: 8.3003328 | R86: 0.48685946 | S86: -0.0023371609 | T86: -0.0039579759 | U86: 0.050906762 | V86: 0.0029601012 | W86: 0.054016164 | X86: 3.0948982
A87: 8.4145188 | B87: 0.50587302 | C87: -0.0002814891 | D87: -0.0072222352 | E87: 0.0097936045 | F87: 0.036456854 | G87: 0.0014078482 | H87: 0.080663758 | I87: 8.4082348 | J87: 0.51111245 | K87: -0.00014459037 | L87: 0 | M87: 0 | N87: 0 | O87: -0.00017453293 | P87: 359.99 | Q87: 8.3878598 | R87: 0.4817475 | S87: 8.2669621e-05 | T87: -0.0015000395 | U87: 0.052398013 | V87: 0.0030557187 | W87: 0.053188696 | X87: 3.0474878
A88: 8.5094998 | B88: 0.50563979 | C88: -1.523895e-05 | D88: -0.0080892742 | E88: 0.0098430291 | F88: 0.034800286 | G88: 0.0012980084 | H88: 0.074370401 | I88: 8.4890916 | J88: 0.51111245 | K88: -0.00014459037 | L88: 0 | M88: 0 | N88: 0 | O88: 0.00017453293 | P88: 0.01 | Q88: 8.488555 | R88: 0.48800227 | S88: -0.0022566093 | T88: -0.0054250466 | U88: 0.050407106 | V88: 0.0027577751 | W88: 0.05393803 | X88: 3.0904215
A89: 8.5944839 | B89: 0.50521898 | C89: 0.00033622154 | D89: -0.0071841832 | E89: 0.0097793366 | F89: 0.035337258 | G89: 0.00096638267 | H89: 0.055369648 | I89: 8.5859024 | J89: 0.51111245 | K89: -0.00014459037 | L89: 0 | M89: 0 | N89: 0 | O89: 0.00017453293 | P89: 0.01 | Q89: 8.575866 | R89: 0.48350709 | S89: -2.8414508e-05 | T89: -0.0028327794 | U89: 0.051878542 | V89: 0.0028442293 | W89: 0.05356589 | X89: 3.0690994
A90: 8.6844513 | B90: 0.50574046 | C90: 0.00033542432 | D90: -0.0079239011 | E90: 0.0097738487 | F90: 0.035334191 | G90: 0.001065346 | H90: 0.061039829 | I90: 8.6678383 | J90: 0.51111245 | K90: -0.00014459037 | L90: 0 | M90: 0 | N90: 0 | O90: 0.00034906585 | P90: 0.02 | Q90: 8.7110598 | R90: 0.48561716 | S90: -0.00083466255 | T90: -0.0046529457 | U90: 0.050369829 | V90: 0.0029285172 | W90: 0.053789772 | X90: 3.0819269
A91: 8.7894313 | B91: 0.50550723 | C91: 0.00071945757 | D91: -0.0075070616 | E91: 0.0098777821 | F91: 0.035088129 | G91: 0.001025559 | H91: 0.058760201 | I91: 8.7858146 | J91: 0.51111245 | K91: -0.00014459037 | L91: 0 | M91: 0 | N91: 0 | O91: 0.0006981317 | P91: 0.04 | Q91: 8.7892179 | R91: 0.4853102 | S91: -0.00070278494 | T91: -0.0038751123 | U91: 0.051544466 | V91: 0.0028866528 | W91: 0.053721776 | X91: 3.078031
A92: 8.9194052 | B92: 0.50593781 | C92: 0.0017221788 | D92: -0.008460667 | E92: 0.0093256049 | F92: 0.033950849 | G92: 0.0058816942 | H92: 0.33699626 | I92: 8.8677453 | J92: 0.5111551 | K92: -0.0001445606 | L92: 0 | M92: 0 | N92: 0 | O92: 0.0006981317 | P92: 0.04 | Q92: 8.8897228 | R92: 0.48550991 | S92: -0.0009651881 | T92: -0.0052490148 | U92: 0.050415591 | V92: 0.0026259923 | W92: 0.053913547 | X92: 3.0890187
A93: 9.0093884 | B93: 0.50570738 | C93: 0.0027907344 | D93: -0.0079296492 | E93: 0.0088198231 | F93: 0.034754407 | G93: 0.014775966 | H93: 0.84660051 | I93: 9.0056186 | J93: 0.51158156 | K93: -0.00014425543 | L93: 0 | M93: 0 | N93: 0 | O93: 0.0083775804 | P93: 0.48 | Q93: 9.0051489 | R93: 0.48100691 | S93: 0.0020276417 | T93: -0.005207362 | U93: 0.051168335 | V93: 0.0026843334 | W93: 0.058047453 | X93: 3.3258741
... A170: 16.682683 | B170: 0.39807057 | C170: 0.2195231 | D170: -0.0057919193 | E170: 0.007567795 | F170: 0.015397978 | G170: 1.5571773 | H170: 89.219689 | I170: 16.68333 | J170: 0.5166299 | K170: 0.12851768 | L170: 0 | M170: 0 | N170: 0 | O170: 1.5465363 | P170: 88.61 | Q170: 16.59881 | R170: 0.54357999 | S170: 0.028427616 | T170: -0.0098505369 | U170: 0.11963486 | V170: -0.019564843 | W170: 1.5417384 | X170: 88.335105
A171: 16.772666 | B171: 0.39797261 | C171: 0.23266289 | D171: -0.0047057746 | E171: 0.0076589285 | F171: 0.015643189 | G171: 1.5571061 | H171: 89.215609 | I171: 16.764112 | J171: 0.51692163 | K171: 0.14058299 | L171: 0 | M171: 0 | N171: 0 | O171: 1.5468853 | P171: 88.63 | Q171: 16.778468 | U171: 0 | V171: 0 | W171: 0 | X171: 0
A172: 16.90764 | B172: 0.39780805 | C172: 0.25509962 | D172: -0.0019197101 | E172: 0.0089340059 | F172: 0.016729041 | G172: 1.5573384 | H172: 89.228919 | I172: 16.881089 | J172: 0.51736049 | K172: 0.15900085 | L172: 0 | M172: 0 | N172: 0 | O172: 1.548107 | P172: 88.7 | Q172: 16.897466 | R172: 0.54618054 | S172: 0.072291746 | T172: -0.010546543 | U172: 0.12670669 | V172: -0.026916483 | W172: 1.5522984 | X172: 88.940145
A173: 16.997623 | B173: 0.3978813 | C173: 0.26842958 | D173: -0.0010631121 | E173: 0.0098419489 | F173: 0.018018724 | G173: 1.5571087 | H173: 89.215758 | I173: 16.963026 | J173: 0.51763752 | K173: 0.17127979 | L173: 0 | M173: 0 | N173: 0 | O173: 1.547758 | P173: 88.68 | Q173: 16.971671 | R173: 0.54642692 | S173: 0.082258287 | T173: -0.012267787 | U173: 0.12521681 | V173: -0.027143752 | W173: 1.5519053 | X173: 88.917627
A174: 17.092604 | B174: 0.3976326 | C174: 0.28649163 | D174: 0.0032336586 | E174: 0.0105301 | F174: 0.017442433 | G174: 1.5567329 | H174: 89.194224 | I174: 17.043974 | J174: 0.51792188 | K174: 0.18364387 | L174: 0 | M174: 0 | N174: 0 | O174: 1.5479325 | P174: 88.69 | Q174: 17.074008 | R174: 0.54866894 | S174: 0.098672264 | T174: -0.015157239 | U174: 0.12339595 | V174: -0.027057302 | W174: 1.5532948 | X174: 88.997237
A175: 17.177588 | B175: 0.39800262 | C175: 0.30022889 | D175: 0.0026041456 | E175: 0.010997914 | F175: 0.018377403 | G175: 1.5571451 | H175: 89.217841 | I175: 17.183805 | J175: 0.51841976 | K175: 0.20555828 | L175: 0 | M175: 0 | N175: 0 | O175: 1.5479325 | P175: 88.69 | Q175: 17.192078 | R175: 0.55086346 | S175: 0.11946175 | T175: -0.018136429 | U175: 0.12162798 | V175: -0.027447589 | W175: 1.5543074 | X175: 89.055256
A176: 17.31758 | B176: 0.3981753 | C176: 0.32643875 | D176: 0.0073359315 | E176: 0.012535009 | F176: 0.01968693 | G176: 1.5559484 | H176: 89.149278 | I176: 17.300696 | J176: 0.51884576 | K176: 0.22440302 | L176: 0 | M176: 0 | N176: 0 | O176: 1.5486306 | P176: 88.73 | Q176: 17.292967 | R176: 0.55046979 | S176: 0.13321685 | T176: -0.018743244 | U176: 0.12082727 | V176: -0.028466278 | W176: 1.554738 | X176: 89.079924
A177: 17.407562 | B177: 0.39871183 | C177: 0.34265259 | D177: 0.0094756028 | E177: 0.012594481 | F177: 0.021320752 | G177: 1.5569797 | H177: 89.208363 | I177: 17.38358 | J177: 0.51912338 | K177: 0.23685257 | L177: 0 | M177: 0 | N177: 0 | O177: 1.5482816 | P177: 88.71 | Q177: 17.407975 | R177: 0.55217066 | S177: 0.14960068 | T177: -0.019815108 | U177: 0.11983931 | V177: -0.028138823 | W177: 1.5551653 | X177: 89.104407
A178: 17.497545 | B178: 0.39779967 | C178: 0.35987327 | D178: 0.0084740585 | E178: 0.013432456 | F178: 0.022726992 | G178: 1.5564953 | H178: 89.18061 | I178: 17.463561 | J178: 0.51940623 | K178: 0.24951528 | L178: 0 | M178: 0 | N178: 0 | O178: 1.5489797 | P178: 88.75 | Q178: 17.472192 | R178: 0.55234685 | S178: 0.15922813 | T178: -0.020845707 | U178: 0.1190777 | V178: -0.02745696 | W178: 1.5559194 | X178: 89.147615
A179: 17.597527 | B179: 0.39855099 | C179: 0.37634218 | D179: 0.008026083 | E179: 0.013674777 | F179: 0.025950623 | G179: 1.5563383 | H179: 89.171614 | I179: 17.582599 | J179: 0.51982022 | K179: 0.26848826 | L179: 0 | M179: 0 | N179: 0 | O179: 1.5491542 | P179: 88.76 | Q179: 17.53652 | R179: 0.55153667 | S179: 0.16912275 | T179: -0.022511054 | U179: 0.11609869 | V179: -0.026829746 | W179: 1.5553901 | X179: 89.117288
A180: 17.682511 | B180: 0.39877084 | C180: 0.39214215 | D180: 0.011999599 | E180: 0.01288387 | F180: 0.029626325 | G180: 1.5569973 | H180: 89.209374 | I180: 17.663376 | J180: 0.52009801 | K180: 0.28132171 | L180: 0 | M180: 0 | N180: 0 | O180: 1.5491542 | P180: 88.76 | Q180: 17.695632 | R180: 0.55201827 | S180: 0.17317099 | T180: -0.023054178 | U180: 0.1209762 | V180: -0.031524062 | W180: 1.5640733 | X180: 89.614799
A181: 17.772484 | B181: 0.39935741 | C181: 0.40991491 | D181: 0.010475845 | E181: 0.012975339 | F181: 0.029187759 | G181: 1.5574446 | H181: 89.235004 | I181: 17.78032 | J181: 0.52050839 | K181: 0.30059335 | L181: 0 | M181: 0 | N181: 0 | O181: 1.5502014 | P181: 88.82 | Q181: 17.811825 | R181: 0.5539579 | S181: 0.21200624 | T181: -0.025408333 | U181: 0.11816746 | V181: -0.026784105 | W181: 1.5658983 | X181: 89.719362
A182: 17.907457 | B182: 0.39862064 | C182: 0.43070313 | D182: 0.012964378 | E182: 0.01299985 | F182: 0.032679682 | G182: 1.5583477 | H182: 89.286749 | I182: 17.862234 | J182: 0.5207745 | K182: 0.31351236 | L182: 0 | M182: 0 | N182: 0 | O182: 1.550376 | P182: 88.83 | Q182: 17.90689 | R182: 0.55509017 | S182: 0.22903556 | T182: -0.026791438 | U182: 0.1168516 | V182: -0.025711364 | W182: 1.5670904 | X182: 89.787669
A183: 17.997441 | B183: 0.39745647 | C183: 0.44849569 | D183: 0.012305063 | E183: 0.012895315 | F183: 0.035782098 | G183: 1.5585628 | H183: 89.299068 | I183: 17.943223 | J183: 0.52103931 | K183: 0.32664467 | L183: 0 | M183: 0 | N183: 0 | O183: 1.5515977 | P183: 88.9 | Q183: 17.987539 | R183: 0.55333888 | S183: 0.24391595 | T183: -0.027405914 | U183: 0.11637286 | V183: -0.025208527 | W183: 1.5668749 | X183: 89.775319
... A213: 20.996776 | B213: 0.39164081 | C213: 0.64611489 | D213: 0.0020482941 | E213: 0.010057453 | F213: 0.036840764 | G213: 1.6939259 | H213: 97.054806 | I213: 20.97863 | J213: 0.52447505 | K213: 0.52286959 | L213: 0 | M213: 0 | N213: 0 | O213: 1.6702801 | P213: 95.7 | Q213: 20.953531 | R213: 0.56285811 | S213: 0.42839184 | T213: -0.040243693 | U213: 0.12445196 | V213: -0.033746653 | W213: 1.6978291 | X213: 97.278445
A214: 21.081759 | B214: 0.39152542 | C214: 0.64498281 | D214: 0.0017098634 | E214: 0.0092864263 | F214: 0.037389688 | G214: 1.7063401 | H214: 97.766087 | I214: 21.06079 | J214: 0.52446206 | K214: 0.52299686 | L214: 0 | M214: 0 | N214: 0 | O214: 1.6828465 | P214: 96.42 | Q214: 21.100748 | U214: 0 | V214: 0 | W214: 0 | X214: 0
A215: 21.176742 | B215: 0.39200854 | C215: 0.64380783 | D215: 0.0023290992 | E215: 0.0086789339 | F215: 0.037827203 | G215: 1.7233224 | H215: 98.739098 | I215: 21.178551 | J215: 0.5244426 | K215: 0.52316633 | L215: 0 | M215: 0 | N215: 0 | O215: 1.7002998 | P215: 97.42 | Q215: 21.173474 | R215: 0.56613422 | S215: 0.42679286 | T215: -0.039424619 | U215: 0.13153694 | V215: -0.037532502 | W215: 1.7395068 | X215: 99.666396
A216: 21.311704 | B216: 0.39092347 | C216: 0.63732505 | D216: -0.00048090122 | E216: 0.0093639114 | F216: 0.037189242 | G216: 1.7563342 | H216: 100.63054 | I216: 21.260588 | J216: 0.52443697 | K216: 0.5232086 | L216: 0 | M216: 0 | N216: 0 | O216: 1.7167059 | P216: 98.36 | Q216: 21.276391 | R216: 0.5673573 | S216: 0.42788907 | T216: -0.039394708 | U216: 0.13217508 | V216: -0.037420198 | W216: 1.7586929 | X216: 100.76568
A217: 21.406687 | B217: 0.39033267 | C217: 0.63530368 | D217: -0.00095488614 | E217: 0.0097676432 | F217: 0.037203927 | G217: 1.7773528 | H217: 101.83482 | I217: 21.400403 | J217: 0.52438388 | K217: 0.52354561 | L217: 0 | M217: 0 | N217: 0 | O217: 1.7489944 | P217: 100.21 | Q217: 21.397474 | R217: 0.57154393 | S217: 0.42877576 | T217: -0.039609163 | U217: 0.1313765 | V217: -0.037544806 | W217: 1.7808026 | X217: 102.03247
A218: 21.49667 | B218: 0.38866058 | C218: 0.63504755 | D218: 7.1989249e-05 | E218: 0.0092772934 | F218: 0.037538505 | G218: 1.7919604 | H218: 102.67177 | I218: 21.48024 | J218: 0.52433049 | K218: 0.52383931 | L218: 0 | M218: 0 | N218: 0 | O218: 1.7634807 | P218: 101.04 | Q218: 21.495813 | R218: 0.57471283 | S218: 0.42764962 | T218: -0.042777095 | U218: 0.13088075 | V218: -0.035494714 | W218: 1.7984029 | X218: 103.0409
A219: 21.586652 | B219: 0.3878912 | C219: 0.63425171 | D219: -7.1069175e-05 | E219: 0.0088634597 | F219: 0.038001498 | G219: 1.8107822 | H219: 103.75018 | I219: 21.598153 | J219: 0.52425594 | K219: 0.52421581 | L219: 0 | M219: 0 | N219: 0 | O219: 1.7833774 | P219: 102.18 | Q219: 21.593529 | R219: 0.57591834 | S219: 0.42924412 | T219: -0.043310792 | U219: 0.13066372 | V219: -0.034202293 | W219: 1.8134062 | X219: 103.90052
A220: 21.676635 | B220: 0.38760895 | C220: 0.63265103 | D220: 4.428325e-05 | E220: 0.0098141609 | F220: 0.037227561 | G220: 1.8347651 | H220: 105.1243 | I220: 21.680236 | J220: 0.5242196 | K220: 0.52438248 | L220: 0 | M220: 0 | N220: 0 | O220: 1.8011798 | P220: 103.2 | Q220: 21.68569 | R220: 0.5835972 | S220: 0.43181264 | T220: -0.042644269 | U220: 0.13144077 | V220: -0.034287036 | W220: 1.8379454 | X220: 105.30651
A221: 21.816679 | B221: 0.38571587 | C221: 0.62997943 | D221: -0.0020591328 | E221: 0.0095156789 | F221: 0.037435797 | G221: 1.8657853 | H221: 106.90162 | I221: 21.760152 | J221: 0.52422864 | K221: 0.52434079 | L221: 0 | M221: 0 | N221: 0 | O221: 1.8224728 | P221: 104.42 | Q221: 21.729348 | R221: 0.59813276 | S221: 0.43658456 | T221: -0.041064233 | U221: 0.13242498 | V221: -0.035757338 | W221: 1.8529291 | X221: 106.16502
A222: 21.901663 | B222: 0.38551679 | C222: 0.62807399 | D222: -0.0027470961 | E222: 0.0090181356 | F222: 0.037583993 | G222: 1.8826982 | H222: 107.87066 | I222: 21.878001 | J222: 0.52410879 | K222: 0.52479432 | L222: 0 | M222: 0 | N222: 0 | O222: 1.8467329 | P222: 105.81 | Q222: 21.903886 | U222: 0 | V222: 0 | W222: 0 | X222: 0
A223: 21.991646 | B223: 0.3840138 | C223: 0.62753767 | D223: -0.0025804646 | E223: 0.0089054062 | F223: 0.037025747 | G223: 1.9051703 | H223: 109.15822 | I223: 21.959902 | J223: 0.52403851 | K223: 0.52504036 | L223: 0 | M223: 0 | N223: 0 | O223: 1.8613936 | P223: 106.65 | Q223: 22.000832 | R223: 0.60318641 | S223: 0.43652594 | T223: -0.040993911 | U223: 0.13826793 | V223: -0.039312145 | W223: 1.9112008 | X223: 109.50374
A224: 22.081628 | B224: 0.38382041 | C224: 0.6270079 | D224: -0.0031707722 | E224: 0.0090829463 | F224: 0.036090703 | G224: 1.928256 | H224: 110.48093 | I224: 22.039847 | J224: 0.52402629 | K224: 0.52508121 | L224: 0 | M224: 0 | N224: 0 | O224: 1.8812904 | P224: 107.79 | Q224: 22.079786 | R224: 0.60643463 | S224: 0.43634523 | T224: -0.041130723 | U224: 0.13858837 | V224: -0.039603499 | W224: 1.934692 | X224: 110.84969
A225: 22.21649 | B225: 0.38338655 | C225: 0.62548274 | D225: -0.005217832 | E225: 0.0081571616 | F225: 0.035659556 | G225: 1.9600265 | H225: 112.30124 | I225: 22.179672 | J225: 0.52399495 | K225: 0.52516067 | L225: 0 | M225: 0 | N225: 0 | O225: 1.9149753 | P225: 109.72 | Q225: 22.174058 | R225: 0.6161145 | S225: 0.44127382 | T225: -0.042849466 | U225: 0.13869385 | V225: -0.038491173 | W225: 1.9599059 | X225: 112.29433
A226: 22.306473 | B226: 0.383277 | C226: 0.62343258 | D226: -0.0058538192 | E226: 0.0079700049 | F226: 0.035228913 | G226: 1.9819074 | H226: 113.55493 | I226: 22.297589 | J226: 0.52392249 | K226: 0.52536121 | L226: 0 | M226: 0 | N226: 0 | O226: 1.9416788 | P226: 111.25 | Q226: 22.278219 | R226: 0.61863558 | S226: 0.44619135 | T226: -0.030883038 | U226: 0.14561832 | V226: -0.041415847 | W226: 1.9795766 | X226: 113.42138
A227: 22.401454 | B227: 0.38287362 | C227: 0.62204504 | D227: -0.0049705845 | E227: 0.0074461342 | F227: 0.034302554 | G227: 2.0070605 | H227: 114.9961 | I227: 22.379653 | J227: 0.52396936 | K227: 0.52524217 | L227: 0 | M227: 0 | N227: 0 | O227: 1.9598302 | P227: 112.29 | Q227: 22.278219 | R227: 0.61863558 | S227: 0.44619135 | T227: -0.030883038 | U227: 0.14561832 | V227: -0.041415847 | W227: 1.9795766 | X227: 113.42138
A228: 22.491438 | B228: 0.38283366 | C228: 0.62052345 | D228: -0.0076117944 | E228: 0.0065151957 | F228: 0.033850057 | G228: 2.0285445 | H228: 116.22704 | I228: 22.459616 | J228: 0.52401723 | K228: 0.52512351 | L228: 0 | M228: 0 | N228: 0 | O228: 1.9811232 | P228: 113.51 | Q228: 22.471879 | R228: 0.62240927 | S228: 0.44494265 | T228: -0.031043603 | U228: 0.15188024 | V228: -0.046821333 | W228: 2.0246646 | X228: 116.00473
A229: 22.58142 | B229: 0.38135546 | C229: 0.62058467 | D229: -0.0076862774 | E229: 0.0058736472 | F229: 0.034036125 | G229: 2.0516444 | H229: 117.55057 | I229: 22.59748 | J229: 0.52382713 | K229: 0.52555236 | L229: 0 | M229: 0 | N229: 0 | O229: 2.0132373 | P229: 115.35 | Q229: 22.594164 | R229: 0.62538313 | S229: 0.44575627 | T229: -0.031032646 | U229: 0.1522188 | V229: -0.04507793 | W229: 2.0527409 | X229: 117.61339
A230: 22.716389 | B230: 0.38059273 | C230: 0.61910009 | D230: -0.0085750138 | E230: 0.0054902641 | F230: 0.032881065 | G230: 2.0878516 | H230: 119.62508 | I230: 22.699208 | J230: 0.52390281 | K230: 0.52539948 | L230: 0 | M230: 0 | N230: 0 | O230: 2.0378464 | P230: 116.76 | Q230: 22.694337 | R230: 0.62568503 | S230: 0.44484485 | T230: -0.033273745 | U230: 0.15191674 | V230: -0.04329504 | W230: 2.0755471 | X230: 118.92009
A231: 22.811371 | B231: 0.3801367 | C231: 0.61892992 | D231: -0.0092326626 | E231: 0.0051047239 | F231: 0.032778191 | G231: 2.1109548 | H231: 120.9488 | I231: 22.779299 | J231: 0.52386316 | K231: 0.525475 | L231: 0 | M231: 0 | N231: 0 | O231: 2.0587904 | P231: 117.96 | Q231: 22.788595 | R231: 0.62945733 | S231: 0.44549569 | T231: -0.033600484 | U231: 0.15209145 | V231: -0.042846539 | W231: 2.099013 | X231: 120.26458
A232: 22.901354 | B232: 0.37852487 | C232: 0.61782336 | D232: -0.0096462239 | E232: 0.0045748125 | F232: 0.032852217 | G232: 2.1347803 | H232: 122.3139 | I232: 22.860101 | J232: 0.52370219 | K232: 0.5257758 | L232: 0 | M232: 0 | N232: 0 | O232: 2.0785126 | P232: 119.09 | Q232: 22.788595 | R232: 0.62945733 | S232: 0.44549569 | T232: -0.033600484 | U232: 0.15209145 | V232: -0.042846539 | W232: 2.099013 | X232: 120.26458
A233: 22.991337 | B233: 0.37390491 | C233: 0.61647403 | D233: -0.0084686279 | E233: 0.004880214 | F233: 0.032318062 | G233: 2.161175 | H233: 123.82621 | I233: 22.979132 | J233: 0.52363999 | K233: 0.5258876 | L233: 0 | M233: 0 | N233: 0 | O233: 2.1074851 | P233: 120.75 | Q233: 22.986033 | R233: 0.632541 | S233: 0.44753624 | T233: -0.033215644 | U233: 0.15685474 | V233: -0.047279046 | W233: 2.1531586 | X233: 123.3669
A234: 23.08132 | B234: 0.3705003 | C234: 0.61695862 | D234: -0.0083076172 | E234: 0.0052368323 | F234: 0.032121338 | G234: 2.1877418 | H234: 125.34837 | I234: 23.060009 | J234: 0.5236611 | K234: 0.52585053 | L234: 0 | M234: 0 | N234: 0 | O234: 2.1319197 | P234: 122.15 | Q234: 23.045142 | R234: 0.63550606 | S234: 0.44611789 | T234: -0.033688947 | U234: 0.15725851 | V234: -0.046491521 | W234: 2.1706261 | X234: 124.36771
... A243: 24.001173 | B243: 0.33911991 | C243: 0.5942679 | D243: -0.0064561469 | E243: 0.0088487792 | F243: 0.029170305 | G243: 2.4464473 | H243: 140.17111 | I243: 23.978129 | J243: 0.52297191 | K243: 0.5268235 | L243: 0 | M243: 0 | N243: 0 | O243: 2.3942427 | P243: 137.18 | Q243: 23.896636 | R243: 0.6611324 | S243: 0.44865157 | T243: -0.033088768 | U243: 0.16383543 | V243: -0.044358464 | W243: 2.3942104 | X243: 137.17815
A244: 24.091156 | B244: 0.33501318 | C244: 0.59058499 | D244: -0.005690916 | E244: 0.0075385972 | F244: 0.029040399 | G244: 2.4724699 | H244: 141.66209 | I244: 24.079067 | J244: 0.52303447 | K244: 0.52676553 | L244: 0 | M244: 0 | N244: 0 | O244: 2.4211207 | P244: 138.72 | Q244: 24.081774 | U244: 0 | V244: 0 | W244: 0 | X244: 0
A245: 24.186138 | B245: 0.33018178 | C245: 0.58879805 | D245: -0.0050746519 | E245: 0.0083018187 | F245: 0.028765113 | G245: 2.500291 | H245: 143.25612 | I245: 24.199163 | J245: 0.52290488 | K245: 0.52687645 | L245: 0 | M245: 0 | N245: 0 | O245: 2.4584708 | P245: 140.86 | Q245: 24.157727 | R245: 0.66739999 | S245: 0.45070791 | T245: -0.032278351 | U245: 0.1696165 | V245: -0.04922348 | W245: 2.4715472 | X245: 141.60923
A246: 24.281051 | B246: 0.32748526 | C246: 0.58629912 | D246: -0.0058635916 | E246: 0.0098956488 | F246: 0.028521776 | G246: 2.526137 | H246: 144.73699 | I246: 24.257953 | J246: 0.52283873 | K246: 0.52693029 | L246: 0 | M246: 0 | N246: 0 | O246: 2.4738297 | P246: 141.74 | Q246: 24.288443 | R246: 0.66997615 | S246: 0.45211932 | T246: -0.031879985 | U246: 0.16898623 | V246: -0.047210693 | W246: 2.5054288 | X246: 143.55049
A247: 24.416026 | B247: 0.32360715 | C247: 0.57936424 | D247: -0.0056840833 | E247: 0.008408955 | F247: 0.027388862 | G247: 2.566978 | H247: 147.077 | I247: 24.418079 | J247: 0.52280227 | K247: 0.52695282 | L247: 0 | M247: 0 | N247: 0 | O247: 2.5197318 | P247: 144.37 | Q247: 24.405686 | R247: 0.6788641 | S247: 0.4504478 | T247: -0.030281842 | U247: 0.17130587 | V247: -0.045769082 | W247: 2.5415068 | X247: 145.61761
A248: 24.511007 | B248: 0.32213601 | C248: 0.57866263 | D248: -0.0061922846 | E248: 0.010418362 | F248: 0.028167973 | G248: 2.5920008 | H248: 148.5107 | I248: 24.518961 | J248: 0.52266362 | K248: 0.52705219 | L248: 0 | M248: 0 | N248: 0 | O248: 2.5492279 | P248: 146.06 | Q248: 24.466846 | R248: 0.68283411 | S248: 0.44889514 | T248: -0.031435124 | U248: 0.17266416 | V248: -0.044143744 | W248: 2.5589222 | X248: 146.61544
A249: 24.60099 | B249: 0.31871387 | C249: 0.57459146 | D249: -0.0072003333 | E249: 0.0095218079 | F249: 0.027605642 | G249: 2.6198434 | H249: 150.10597 | I249: 24.577872 | J249: 0.52262824 | K249: 0.527076 | L249: 0 | M249: 0 | N249: 0 | O249: 2.5642377 | P249: 146.92 | Q249: 24.466846 | R249: 0.68283411 | S249: 0.44889514 | T249: -0.031435124 | U249: 0.17266416 | V249: -0.044143744 | W249: 2.5589222 | X249: 146.61544
A250: 24.690973 | B250: 0.31675309 | C250: 0.57036644 | D250: -0.0066983965 | E250: 0.0091512966 | F250: 0.026999867 | G250: 2.6493321 | H250: 151.79555 | I250: 24.658686 | J250: 0.52262732 | K250: 0.52707456 | L250: 0 | M250: 0 | N250: 0 | O250: 2.5907667 | P250: 148.44 | Q250: 24.669195 | R250: 0.68497438 | S250: 0.45404215 | T250: -0.032058423 | U250: 0.17610614 | V250: -0.048618652 | W250: 2.6219524 | X250: 150.22681
A251: 24.780965 | B251: 0.31482714 | C251: 0.56942177 | D251: -0.0064330129 | E251: 0.010592577 | F251: 0.02693374 | G251: 2.6744091 | H251: 153.23235 | I251: 24.77552 | J251: 0.52251705 | K251: 0.52713944 | L251: 0 | M251: 0 | N251: 0 | O251: 2.6288149 | P251: 150.62 | Q251: 24.7875 | R251: 0.68840922 | S251: 0.45431918 | T251: -0.029374125 | U251: 0.17692497 | V251: -0.047690584 | W251: 2.6482757 | X251: 151.73502
A252: 24.870947 | B252: 0.31191954 | C252: 0.56582469 | D252: -0.005859151 | E252: 0.0093092637 | F252: 0.026756866 | G252: 2.704901 | H252: 154.97941 | I252: 24.858637 | J252: 0.52262885 | K252: 0.52707723 | L252: 0 | M252: 0 | N252: 0 | O252: 2.6501079 | P252: 151.84 | Q252: 24.888104 | R252: 0.69001486 | S252: 0.45716869 | T252: -0.029664457 | U252: 0.17671098 | V252: -0.046500174 | W252: 2.6757897 | X252: 153.31146
A253: 25.005922 | B253: 0.30949196 | C253: 0.56308055 | D253: -0.0058525493 | E253: 0.010533588 | F253: 0.026033238 | G253: 2.7457588 | H253: 157.32039 | I253: 24.978569 | J253: 0.52262975 | K253: 0.52707896 | L253: 0 | M253: 0 | N253: 0 | O253: 2.692694 | P253: 154.28 | Q253: 24.919519 | R253: 0.6889082 | S253: 0.45964524 | T253: -0.031432451 | U253: 0.17637862 | V253: -0.045282958 | W253: 2.6873185 | X253: 153.97201
A254: 25.100904 | B254: 0.30796099 | C254: 0.55836511 | D254: -0.006688708 | E254: 0.0094720492 | F254: 0.02662325 | G254: 2.7768904 | H254: 159.1041 | I254: 25.098284 | J254: 0.52263031 | K254: 0.52708015 | L254: 0 | M254: 0 | N254: 0 | O254: 2.7263788 | P254: 156.21 | Q254: 25.099376 | R254: 0.68882533 | S254: 0.45989099 | T254: -0.031524277 | U254: 0.18122134 | V254: -0.053300777 | W254: 2.7059748 | X254: 155.04094
A255: 25.185888 | B255: 0.30635685 | C255: 0.55901438 | D255: -0.0063464041 | E255: 0.0097329822 | F255: 0.026186774 | G255: 2.8062208 | H255: 160.78461 | I255: 25.158243 | J255: 0.52255227 | K255: 0.52711455 | L255: 0 | M255: 0 | N255: 0 | O255: 2.746101 | P255: 157.34 | Q255: 25.148849 | R255: 0.69140661 | S255: 0.46505945 | T255: -0.031196595 | U255: 0.18061758 | V255: -0.049372391 | W255: 2.7614558 | X255: 158.21976
A256: 25.275864 | B256: 0.30590135 | C256: 0.55731499 | D256: -0.0062621585 | E256: 0.010760893 | F256: 0.025764752 | G256: 2.8316988 | H256: 162.24439 | I256: 25.298122 | J256: 0.52259171 | K256: 0.52709835 | L256: 0 | M256: 0 | N256: 0 | O256: 2.7904324 | P256: 159.88 | Q256: 25.28795 | R256: 0.692512 | S256: 0.45986227 | T256: -0.028386514 | U256: 0.17939647 | V256: -0.04831861 | W256: 2.7967821 | X256: 160.24381
... A327: 32.38934 | B327: -0.23215692 | C327: 0.50906634 | D327: -0.0007507276 | E327: -0.00048192516 | F327: 0.021705842 | G327: -3.0164922 | H327: 187.16773 | I327: 32.374287 | J327: -0.0012324294 | K327: 0.55616378 | L327: 0 | M327: 0 | N327: 0 | O327: -3.0604348 | P327: 184.65 | Q327: 32.321796 | R327: 0.18680042 | S327: 0.44589295 | T327: -0.096309235 | U327: -0.19041968 | V327: 0.056927916 | W327: -3.054949 | X327: 184.96432
A328: 32.479323 | B328: -0.23096928 | C328: 0.50670123 | D328: -0.00083417702 | E328: -0.00066834232 | F328: 0.021973109 | G328: -3.0017737 | H328: 188.01104 | I328: 32.492254 | J328: -0.0015722065 | K328: 0.55613306 | L328: 0 | M328: 0 | N328: 0 | O328: -3.0373965 | P328: 185.97 | Q328: 32.486274 | U328: 0 | V328: 0 | W328: 0 | X328: 0
A329: 32.569306 | B329: -0.22982167 | C329: 0.5051446 | D329: -0.0017355563 | E329: -0.00053183146 | F329: 0.02130423 | G329: -2.9825736 | H329: 189.11112 | I329: 32.574142 | J329: -0.0017842426 | K329: 0.55611052 | L329: 0 | M329: 0 | N329: 0 | O329: -3.0239575 | P329: 186.74 | Q329: 32.574209 | R329: 0.18811498 | S329: 0.44977127 | T329: -0.096847269 | U329: -0.18682305 | V329: 0.061257077 | W329: -2.9997494 | X329: 188.12702
A330: 32.70928 | B330: -0.22868459 | C330: 0.50139958 | D330: -0.0039997967 | E330: -0.00018143424 | F330: 0.021191768 | G330: -2.952971 | H330: 190.80723 | I330: 32.694034 | J330: -0.0015727081 | K330: 0.55613732 | L330: 0 | M330: 0 | N330: 0 | O330: -2.9986502 | P330: 188.19 | Q330: 32.699463 | R330: 0.19012826 | S330: 0.45355719 | T330: -0.097295083 | U330: -0.18294891 | V330: 0.058754506 | W330: -2.9744899 | X330: 189.57428
A331: 32.799265 | B331: -0.22934696 | C331: 0.49808937 | D331: -0.0038747755 | E331: -0.00081963754 | F331: 0.021343236 | G331: -2.9332702 | H331: 191.936 | I331: 32.814088 | J331: -0.0016147598 | K331: 0.55613019 | L331: 0 | M331: 0 | N331: 0 | O331: -2.971074 | P331: 189.77 | Q331: 32.783391 | R331: 0.1918403 | S331: 0.45360912 | T331: -0.10087223 | U331: -0.18200087 | V331: 0.054487873 | W331: -2.9609587 | X331: 190.34956
A332: 32.894248 | B332: -0.22926956 | C332: 0.49556199 | D332: -0.0036353481 | E332: -0.00063977132 | F332: 0.020988429 | G332: -2.9131349 | H332: 193.08966 | I332: 32.873841 | J332: -0.0016567874 | K332: 0.55612295 | L332: 0 | M332: 0 | N332: 0 | O332: -2.9595548 | P332: 190.43 | Q332: 32.888625 | R332: 0.19367261 | S332: 0.45681772 | T332: -0.10197228 | U332: -0.17983047 | V332: 0.051127792 | W332: -2.9355181 | X332: 191.8072
A333: 32.989229 | B333: -0.2278979 | C333: 0.49226326 | D333: -0.0033878365 | E333: -0.00053763825 | F333: 0.020802634 | G333: -2.8896958 | H333: 194.43263 | I333: 33.013877 | J333: -0.0016990288 | K333: 0.55611678 | L333: 0 | M333: 0 | N333: 0 | O333: -2.9270917 | P333: 192.29 | Q333: 32.97505 | R333: 0.19168858 | S333: 0.45896719 | T333: -0.10289176 | U333: -0.17792655 | V333: 0.049500469 | W333: -2.9208136 | X333: 192.64971
A334: 33.074213 | B334: -0.22654907 | C334: 0.48902166 | D334: -0.0043355376 | E334: -0.00096676396 | F334: 0.020077965 | G334: -2.8679872 | H334: 195.67644 | I334: 33.073841 | J334: -0.0016156913 | K334: 0.55613493 | L334: 0 | M334: 0 | N334: 0 | O334: -2.9108601 | P334: 193.22 | Q334: 33.096576 | R334: 0.18796335 | S334: 0.46919721 | T334: -0.097996833 | U334: -0.17619866 | V334: 0.050295621 | W334: -2.8877011 | X334: 194.54691
A335: 33.209188 | B335: -0.22521859 | C335: 0.48620659 | D335: -0.0052440497 | E335: -0.0012332977 | F335: 0.020005879 | G335: -2.8364465 | H335: 197.48359 | I335: 33.153636 | J335: -0.001740097 | K335: 0.55610509 | L335: 0 | M335: 0 | N335: 0 | O335: -2.8923596 | P335: 194.28 | Q335: 33.217793 | R335: 0.17973757 | S335: 0.4774588 | T335: -0.09351396 | U335: -0.17604745 | V335: 0.050551878 | W335: -2.8644885 | X335: 195.8769
A336: 33.299193 | B336: -0.22475287 | C336: 0.48259288 | D336: -0.0050362772 | E336: -0.0011965137 | F336: 0.018623704 | G336: -2.8141821 | H336: 198.75925 | I336: 33.271611 | J336: -0.0019882278 | K336: 0.55604259 | L336: 0 | M336: 0 | N336: 0 | O336: -2.8633872 | P336: 195.94 | Q336: 33.279979 | R336: 0.17818813 | S336: 0.48024489 | T336: -0.091886109 | U336: -0.1746074 | V336: 0.050595338 | W336: -2.8488627 | X336: 196.77219
A337: 33.389176 | B337: -0.22264519 | C337: 0.47936013 | D337: -0.0060578408 | E337: -0.0023856213 | F337: 0.018544515 | G337: -2.7919194 | H337: 200.0348 | I337: 33.353439 | J337: -0.0016196163 | K337: 0.55614954 | L337: 0 | M337: 0 | N337: 0 | O337: -2.8427923 | P337: 197.12 | Q337: 33.279979 | R337: 0.17818813 | S337: 0.48024489 | T337: -0.091886109 | U337: -0.1746074 | V337: 0.050595338 | W337: -2.8488627 | X337: 196.77219
A338: 33.47916 | B338: -0.22147913 | C338: 0.47766939 | D338: -0.0058622747 | E338: -0.0023500465 | F338: 0.018720216 | G338: -2.7725514 | H338: 201.14451 | I338: 33.491427 | J338: -0.0019849887 | K338: 0.55603204 | L338: 0 | M338: 0 | N338: 0 | O338: -2.8112018 | P338: 198.93 | Q338: 33.467054 | R338: 0.18016097 | S338: 0.48545544 | T338: -0.092354212 | U338: -0.17143862 | V338: 0.056219052 | W338: -2.7957659 | X338: 199.81441
A339: 33.569143 | B339: -0.22242443 | C339: 0.47598779 | D339: -0.0065035573 | E339: -0.0023971608 | F339: 0.019163598 | G339: -2.7515879 | H339: 202.34562 | I339: 33.571394 | J339: -0.0021864454 | K339: 0.55596217 | L339: 0 | M339: 0 | N339: 0 | O339: -2.7933995 | P339: 199.95 | Q339: 33.592687 | R339: 0.17892489 | S339: 0.48643869 | T339: -0.091519989 | U339: -0.16914003 | V339: 0.05373496 | W339: -2.7767679 | X339: 200.90292
A340: 33.709116 | B340: -0.21927483 | C340: 0.47233883 | D340: -0.0064564184 | E340: -0.0031535406 | F340: 0.017942901 | G340: -2.7196932 | H340: 204.17306 | I340: 33.674206 | J340: -0.0019865581 | K340: 0.55603641 | L340: 0 | M340: 0 | N340: 0 | O340: -2.7708847 | P340: 201.24 | Q340: 33.684524 | R340: 0.17850548 | S340: 0.48969676 | T340: -0.091469245 | U340: -0.16752789 | V340: 0.052557454 | W340: -2.7567526 | X340: 202.04971
... A390: 38.702981 | B390: -0.12253627 | C390: 0.40261844 | D390: -0.0067155254 | E390: -0.0075748634 | F390: 0.023361878 | G390: -1.5959453 | H390: 268.55907 | I390: 38.691029 | J390: -0.0046761103 | K390: 0.53306066 | L390: 0 | M390: 0 | N390: 0 | O390: -1.6364207 | P390: 266.24 | Q390: 38.592701 | R390: 0.11747355 | S390: 0.54241987 | T390: -0.10580132 | U390: -0.066319911 | V390: 0.0083171241 | W390: -1.6729158 | X390: 264.14899
A391: 38.793064 | B391: -0.12773998 | C391: 0.38204202 | D391: -0.0075078229 | E391: -0.0071072031 | F391: 0.026029138 | G391: -1.5965357 | H391: 268.52524 | I391: 38.811117 | J391: -0.0059270208 | K391: 0.51395349 | L391: 0 | M391: 0 | N391: 0 | O391: -1.6362462 | P391: 266.25 | Q391: 38.790046 | U391: 0 | V391: 0 | W391: 0 | X391: 0
A392: 38.883047 | B392: -0.12533797 | C392: 0.36728802 | D392: -0.0070392597 | E392: -0.0070999696 | F392: 0.027190837 | G392: -1.5959751 | H392: 268.55737 | I392: 38.87097 | J392: -0.0065099604 | K392: 0.50505955 | L392: 0 | M392: 0 | N392: 0 | O392: -1.6371188 | P392: 266.2 | Q392: 38.860896 | R392: 0.11421923 | S392: 0.50702159 | T392: -0.10093317 | U392: -0.06282003 | V392: 0.010987398 | W392: -1.6667359 | X392: 264.50307
...

Sheet Sheet2
A39: Reprojection Error | B39: 1
A40: solve method | B40: Iterative
A41: Detector | B41: SOFT
A42: iterationsCount | B42: 250
A43: confidence | B43: 0.999
A44: TERM_CRITERIA_COUNT | B44: 20

Sheet Sheet3
A1: T265 | C1: Camera | F1: T265 Offset: | G1: 0.11 | H1: 0.11
A2: Calibrated X | B2: Calibrated Y | C2: Calibrated X | D2: Calibrated Y | F2: Camera Offset: | G2: 0.087 | H2: 0.087
A3: =Sheet1!B4 +Sheet3!$G$1 -Sheet3!$G$1*COS(Sheet1!G4) -> -0.0014565635 | B3: =Sheet1!C4-Sheet3!$G$1*SIN(Sheet1!G4) -> 0.00077927559 | C3: =Sheet1!R8 - Sheet3!$G$2 + Sheet3!$G$2*COS(Sheet1!W8) -> 0.0043731934 | D3: =Sheet1!S8 + Sheet3!$G$2*SIN(Sheet1!W8) -> -0.0025207467
A4: =Sheet1!B5 +Sheet3!$G$1 -Sheet3!$G$1*COS(Sheet1!G5) -> -0.0012462215 | B4: =Sheet1!C5-Sheet3!$G$1*SIN(Sheet1!G5) -> 0.00065932759 | C4: =Sheet1!R9 - Sheet3!$G$2 + Sheet3!$G$2*COS(Sheet1!W9) -> 0.0042704252 | D4: =Sheet1!S9 + Sheet3!$G$2*SIN(Sheet1!W9) -> -0.0024060055
A5: =Sheet1!B6 +Sheet3!$G$1 -Sheet3!$G$1*COS(Sheet1!G6) -> 0.0001792522 | B5: =Sheet1!C6-Sheet3!$G$1*SIN(Sheet1!G6) -> 0.00024837467 | C5: =Sheet1!R10 - Sheet3!$G$2 + Sheet3!$G$2*COS(Sheet1!W10) -> 0.004353596 | D5: =Sheet1!S10 + Sheet3!$G$2*SIN(Sheet1!W10) -> -0.0024399088
A6: =Sheet1!B7 +Sheet3!$G$1 -Sheet3!$G$1*COS(Sheet1!G7) -> 0.00044791562 | B6: =Sheet1!C7-Sheet3!$G$1*SIN(Sheet1!G7) -> -0.00023026271 | C6: =Sheet1!R11 - Sheet3!$G$2 + Sheet3!$G$2*COS(Sheet1!W11) -> 0.0040834548 | D6: =Sheet1!S11 + Sheet3!$G$2*SIN(Sheet1!W11) -> -0.0025426986
A7: =Sheet1!B8 +Sheet3!$G$1 -Sheet3!$G$1*COS(Sheet1!G8) -> -0.00043558947 | B7: =Sheet1!C8-Sheet3!$G$1*SIN(Sheet1!G8) -> 0.00074523696 | C7: =Sheet1!R12 - Sheet3!$G$2 + Sheet3!$G$2*COS(Sheet1!W12) -> 0.0040111406 | D7: =Sheet1!S12 + Sheet3!$G$2*SIN(Sheet1!W12) -> -0.002587901
A8: =Sheet1!B9 +Sheet3!$G$1 -Sheet3!$G$1*COS(Sheet1!G9) -> -0.00048078357 | B8: =Sheet1!C9-Sheet3!$G$1*SIN(Sheet1!G9) -> 0.00039242363 | C8: =Sheet1!R13 - Sheet3!$G$2 + Sheet3!$G$2*COS(Sheet1!W13) -> 0.0036890894 | D8: =Sheet1!S13 + Sheet3!$G$2*SIN(Sheet1!W13) -> -0.0026333086
A9: =Sheet1!B10 +Sheet3!$G$1 -Sheet3!$G$1*COS(Sheet1!G10) -> -0.00053841654 | B9: =Sheet1!C10-Sheet3!$G$1*SIN(Sheet1!G10) -> 0.00056543618 | C9: =Sheet1!R14 - Sheet3!$G$2 + Sheet3!$G$2*COS(Sheet1!W14) -> 0.0037517246 | D9: =Sheet1!S14 + Sheet3!$G$2*SIN(Sheet1!W14) -> -0.0026452535
A10: =Sheet1!B11 +Sheet3!$G$1 -Sheet3!$G$1*COS(Sheet1!G11) -> 0.00029929358 | B10: =Sheet1!C11-Sheet3!$G$1*SIN(Sheet1!G11) -> 0.00019986624 | C10: =Sheet1!R15 - Sheet3!$G$2 + Sheet3!$G$2*COS(Sheet1!W15) -> 0.0036118543 | D10: =Sheet1!S15 + Sheet3!$G$2*SIN(Sheet1!W15) -> -0.0025653283
A11: =Sheet1!B12 +Sheet3!$G$1 -Sheet3!$G$1*COS(Sheet1!G12) -> -9.9969153e-05 | B11: =Sheet1!C12-Sheet3!$G$1*SIN(Sheet1!G12) -> 0.00011459584 | C11: =Sheet1!R16 - Sheet3!$G$2 + Sheet3!$G$2*COS(Sheet1!W16) -> 0.0037092223 | D11: =Sheet1!S16 + Sheet3!$G$2*SIN(Sheet1!W16) -> -0.0026061966
A12: =Sheet1!B13 +Sheet3!$G$1 -Sheet3!$G$1*COS(Sheet1!G13) -> -0.00066496535 | B12: =Sheet1!C13-Sheet3!$G$1*SIN(Sheet1!G13) -> 0.00049331758 | C12: =Sheet1!R17 - Sheet3!$G$2 + Sheet3!$G$2*COS(Sheet1!W17) -> 0.0036177357 | D12: =Sheet1!S17 + Sheet3!$G$2*SIN(Sheet1!W17) -> -0.0025519068
A13: =Sheet1!B14 +Sheet3!$G$1 -Sheet3!$G$1*COS(Sheet1!G14) -> -0.0003356106 | B13: =Sheet1!C14-Sheet3!$G$1*SIN(Sheet1!G14) -> 0.00029863617 | C13: =Sheet1!R18 - Sheet3!$G$2 + Sheet3!$G$2*COS(Sheet1!W18) -> 0.0037289154 | D13: =Sheet1!S18 + Sheet3!$G$2*SIN(Sheet1!W18) -> -0.0025076568
A14: =Sheet1!B15 +Sheet3!$G$1 -Sheet3!$G$1*COS(Sheet1!G15) -> -0.00037012024 | B14: =Sheet1!C15-Sheet3!$G$1*SIN(Sheet1!G15) -> 0.00039970253 | C14: =Sheet1!R19 - Sheet3!$G$2 + Sheet3!$G$2*COS(Sheet1!W19) -> 0.0037495152 | D14: =Sheet1!S19 + Sheet3!$G$2*SIN(Sheet1!W19) -> -0.0025960733
... A75: =Sheet1!B76 +Sheet3!$G$1 -Sheet3!$G$1*COS(Sheet1!G76) -> 0.43226982 | B75: =Sheet1!C76-Sheet3!$G$1*SIN(Sheet1!G76) -> -0.00050293686 | C75: =Sheet1!R80 - Sheet3!$G$2 + Sheet3!$G$2*COS(Sheet1!W80) -> 0.42864339 | D75: =Sheet1!S80 + Sheet3!$G$2*SIN(Sheet1!W80) -> 0.014536715
A76: =Sheet1!B77 +Sheet3!$G$1 -Sheet3!$G$1*COS(Sheet1!G77) -> 0.44700362 | B76: =Sheet1!C77-Sheet3!$G$1*SIN(Sheet1!G77) -> 0.00030586746
A77: =Sheet1!B78 +Sheet3!$G$1 -Sheet3!$G$1*COS(Sheet1!G78) -> 0.45923712 | B77: =Sheet1!C78-Sheet3!$G$1*SIN(Sheet1!G78) -> -0.00095731471 | C77: =Sheet1!R82 - Sheet3!$G$2 + Sheet3!$G$2*COS(Sheet1!W82) -> 0.4939788 | D77: =Sheet1!S82 + Sheet3!$G$2*SIN(Sheet1!W82) -> 0.0015552998
A78: =Sheet1!B79 +Sheet3!$G$1 -Sheet3!$G$1*COS(Sheet1!G79) -> 0.4813977 | B78: =Sheet1!C79-Sheet3!$G$1*SIN(Sheet1!G79) -> -0.00013715489 | C78: =Sheet1!R83 - Sheet3!$G$2 + Sheet3!$G$2*COS(Sheet1!W83) -> 0.4939788 | D78: =Sheet1!S83 + Sheet3!$G$2*SIN(Sheet1!W83) -> 0.0015552998
A79: =Sheet1!B80 +Sheet3!$G$1 -Sheet3!$G$1*COS(Sheet1!G80) -> 0.49651514 | B79: =Sheet1!C80-Sheet3!$G$1*SIN(Sheet1!G80) -> -0.00022836884 | C79: =Sheet1!R84 - Sheet3!$G$2 + Sheet3!$G$2*COS(Sheet1!W84) -> 0.48008015 | D79: =Sheet1!S84 + Sheet3!$G$2*SIN(Sheet1!W84) -> 0.0031561332
A80: =Sheet1!B81 +Sheet3!$G$1 -Sheet3!$G$1*COS(Sheet1!G81) -> 0.51168996 | B80: =Sheet1!C81-Sheet3!$G$1*SIN(Sheet1!G81) -> -0.0005900474 | C80: =Sheet1!R85 - Sheet3!$G$2 + Sheet3!$G$2*COS(Sheet1!W85) -> 0.48356517 | D80: =Sheet1!S85 + Sheet3!$G$2*SIN(Sheet1!W85) -> 0.0036480373
A81: =Sheet1!B82 +Sheet3!$G$1 -Sheet3!$G$1*COS(Sheet1!G82) -> 0.51549241 | B81: =Sheet1!C82-Sheet3!$G$1*SIN(Sheet1!G82) -> 0.00053918891 | C81: =Sheet1!R86 - Sheet3!$G$2 + Sheet3!$G$2*COS(Sheet1!W86) -> 0.48673257 | D81: =Sheet1!S86 + Sheet3!$G$2*SIN(Sheet1!W86) -> 0.0023599604
A82: =Sheet1!B83 +Sheet3!$G$1 -Sheet3!$G$1*COS(Sheet1!G83) -> 0.50403215 | B82: =Sheet1!C83-Sheet3!$G$1*SIN(Sheet1!G83) -> -0.0001813077 | C82: =Sheet1!R87 - Sheet3!$G$2 + Sheet3!$G$2*COS(Sheet1!W87) -> 0.48162447 | D82: =Sheet1!S87 + Sheet3!$G$2*SIN(Sheet1!W87) -> 0.0047079046
A83: =Sheet1!B84 +Sheet3!$G$1 -Sheet3!$G$1*COS(Sheet1!G84) -> 0.50546045 | B83: =Sheet1!C84-Sheet3!$G$1*SIN(Sheet1!G84) -> 0.000429649 | C83: =Sheet1!R88 - Sheet3!$G$2 + Sheet3!$G$2*COS(Sheet1!W88) -> 0.48787575 | D83: =Sheet1!S88 + Sheet3!$G$2*SIN(Sheet1!W88) -> 0.0024337242
A84: =Sheet1!B85 +Sheet3!$G$1 -Sheet3!$G$1*COS(Sheet1!G85) -> 0.50694644 | B84: =Sheet1!C85-Sheet3!$G$1*SIN(Sheet1!G85) -> 0.00015112158 | C84: =Sheet1!R89 - Sheet3!$G$2 + Sheet3!$G$2*COS(Sheet1!W89) -> 0.48338231 | D84: =Sheet1!S89 + Sheet3!$G$2*SIN(Sheet1!W89) -> 0.0046295896
A85: =Sheet1!B86 +Sheet3!$G$1 -Sheet3!$G$1*COS(Sheet1!G86) -> 0.50568466 | B85: =Sheet1!C86-Sheet3!$G$1*SIN(Sheet1!G86) -> 0.00012134593 | C85: =Sheet1!R90 - Sheet3!$G$2 + Sheet3!$G$2*COS(Sheet1!W90) -> 0.48549133 | D85: =Sheet1!S90 + Sheet3!$G$2*SIN(Sheet1!W90) -> 0.0038427913
A86: =Sheet1!B87 +Sheet3!$G$1 -Sheet3!$G$1*COS(Sheet1!G87) -> 0.50587313 | B86: =Sheet1!C87-Sheet3!$G$1*SIN(Sheet1!G87) -> -0.00043635235 | C86: =Sheet1!R91 - Sheet3!$G$2 + Sheet3!$G$2*COS(Sheet1!W91) -> 0.48518469 | D86: =Sheet1!S91 + Sheet3!$G$2*SIN(Sheet1!W91) -> 0.0039687618
A87: =Sheet1!B88 +Sheet3!$G$1 -Sheet3!$G$1*COS(Sheet1!G88) -> 0.50563988 | B87: =Sheet1!C88-Sheet3!$G$1*SIN(Sheet1!G88) -> -0.00015801983 | C87: =Sheet1!R92 - Sheet3!$G$2 + Sheet3!$G$2*COS(Sheet1!W92) -> 0.4853835 | D87: =Sheet1!S92 + Sheet3!$G$2*SIN(Sheet1!W92) -> 0.0037230186
A88: =Sheet1!B89 +Sheet3!$G$1 -Sheet3!$G$1*COS(Sheet1!G89) -> 0.50521903 | B88: =Sheet1!C89-Sheet3!$G$1*SIN(Sheet1!G89) -> 0.00022991946 | C88: =Sheet1!R93 - Sheet3!$G$2 + Sheet3!$G$2*COS(Sheet1!W93) -> 0.48086037 | D88: =Sheet1!S93 + Sheet3!$G$2*SIN(Sheet1!W93) -> 0.0070749345
... A165: =Sheet1!B166 +Sheet3!$G$1 -Sheet3!$G$1*COS(Sheet1!G166) -> 0.5054317 | B165: =Sheet1!C166-Sheet3!$G$1*SIN(Sheet1!G166) -> 0.044716252 | C165: =Sheet1!R170 - Sheet3!$G$2 + Sheet3!$G$2*COS(Sheet1!W170) -> 0.45910768 | D165: =Sheet1!S170 + Sheet3!$G$2*SIN(Sheet1!W170) -> 0.11539089
A166: =Sheet1!B167 +Sheet3!$G$1 -Sheet3!$G$1*COS(Sheet1!G167) -> 0.50563731 | B166: =Sheet1!C167-Sheet3!$G$1*SIN(Sheet1!G167) -> 0.059342192
A167: =Sheet1!B168 +Sheet3!$G$1 -Sheet3!$G$1*COS(Sheet1!G168) -> 0.50539354 | B167: =Sheet1!C168-Sheet3!$G$1*SIN(Sheet1!G168) -> 0.079015194 | C167: =Sheet1!R172 - Sheet3!$G$2 + Sheet3!$G$2*COS(Sheet1!W172) -> 0.46078977 | D167: =Sheet1!S172 + Sheet3!$G$2*SIN(Sheet1!W172) -> 0.15927686
A168: =Sheet1!B169 +Sheet3!$G$1 -Sheet3!$G$1*COS(Sheet1!G169) -> 0.50589955 | B168: =Sheet1!C169-Sheet3!$G$1*SIN(Sheet1!G169) -> 0.095250236 | C168: =Sheet1!R173 - Sheet3!$G$2 + Sheet3!$G$2*COS(Sheet1!W173) -> 0.46107034 | D168: =Sheet1!S173 + Sheet3!$G$2*SIN(Sheet1!W173) -> 0.16924276
A169: =Sheet1!B170 +Sheet3!$G$1 -Sheet3!$G$1*COS(Sheet1!G170) -> 0.50657253 | B169: =Sheet1!C170-Sheet3!$G$1*SIN(Sheet1!G170) -> 0.1095333 | C169: =Sheet1!R174 - Sheet3!$G$2 + Sheet3!$G$2*COS(Sheet1!W174) -> 0.46319149 | D169: =Sheet1!S174 + Sheet3!$G$2*SIN(Sheet1!W174) -> 0.18565894
A170: =Sheet1!B171 +Sheet3!$G$1 -Sheet3!$G$1*COS(Sheet1!G171) -> 0.50646674 | B170: =Sheet1!C171-Sheet3!$G$1*SIN(Sheet1!G171) -> 0.12267319 | C170: =Sheet1!R175 - Sheet3!$G$2 + Sheet3!$G$2*COS(Sheet1!W175) -> 0.46529793 | D170: =Sheet1!S175 + Sheet3!$G$2*SIN(Sheet1!W175) -> 0.20644993
A171: =Sheet1!B172 +Sheet3!$G$1 -Sheet3!$G$1*COS(Sheet1!G172) -> 0.50632772 | B171: =Sheet1!C172-Sheet3!$G$1*SIN(Sheet1!G172) -> 0.14510959 | C171: =Sheet1!R176 - Sheet3!$G$2 + Sheet3!$G$2*COS(Sheet1!W176) -> 0.4648668 | D171: =Sheet1!S176 + Sheet3!$G$2*SIN(Sheet1!W176) -> 0.22020564
A172: =Sheet1!B173 +Sheet3!$G$1 -Sheet3!$G$1*COS(Sheet1!G173) -> 0.50637571 | B172: =Sheet1!C173-Sheet3!$G$1*SIN(Sheet1!G173) -> 0.15843988 | C172: =Sheet1!R177 - Sheet3!$G$2 + Sheet3!$G$2*COS(Sheet1!W177) -> 0.4665305 | D172: =Sheet1!S177 + Sheet3!$G$2*SIN(Sheet1!W177) -> 0.23659005
A173: =Sheet1!B174 +Sheet3!$G$1 -Sheet3!$G$1*COS(Sheet1!G174) -> 0.50608567 | B173: =Sheet1!C174-Sheet3!$G$1*SIN(Sheet1!G174) -> 0.17650251 | C173: =Sheet1!R178 - Sheet3!$G$2 + Sheet3!$G$2*COS(Sheet1!W178) -> 0.4666411 | D173: =Sheet1!S178 + Sheet3!$G$2*SIN(Sheet1!W178) -> 0.2462185
A174: =Sheet1!B175 +Sheet3!$G$1 -Sheet3!$G$1*COS(Sheet1!G175) -> 0.50650103 | B174: =Sheet1!C175-Sheet3!$G$1*SIN(Sheet1!G175) -> 0.19023914 | C174: =Sheet1!R179 - Sheet3!$G$2 + Sheet3!$G$2*COS(Sheet1!W179) -> 0.46587696 | D174: =Sheet1!S179 + Sheet3!$G$2*SIN(Sheet1!W179) -> 0.25611243
A175: =Sheet1!B176 +Sheet3!$G$1 -Sheet3!$G$1*COS(Sheet1!G176) -> 0.50654209 | B175: =Sheet1!C176-Sheet3!$G$1*SIN(Sheet1!G176) -> 0.21645088 | C175: =Sheet1!R180 - Sheet3!$G$2 + Sheet3!$G$2*COS(Sheet1!W180) -> 0.46560317 | D175: =Sheet1!S180 + Sheet3!$G$2*SIN(Sheet1!W180) -> 0.26016902
A176: =Sheet1!B177 +Sheet3!$G$1 -Sheet3!$G$1*COS(Sheet1!G177) -> 0.50719204 | B176: =Sheet1!C177-Sheet3!$G$1*SIN(Sheet1!G177) -> 0.23266309 | C176: =Sheet1!R181 - Sheet3!$G$2 + Sheet3!$G$2*COS(Sheet1!W181) -> 0.46738403 | D176: =Sheet1!S181 + Sheet3!$G$2*SIN(Sheet1!W181) -> 0.2990052
A177: =Sheet1!B178 +Sheet3!$G$1 -Sheet3!$G$1*COS(Sheet1!G178) -> 0.50622661 | B177: =Sheet1!C178-Sheet3!$G$1*SIN(Sheet1!G178) -> 0.24988451 | C177: =Sheet1!R182 - Sheet3!$G$2 + Sheet3!$G$2*COS(Sheet1!W182) -> 0.46841258 | D177: =Sheet1!S182 + Sheet3!$G$2*SIN(Sheet1!W182) -> 0.31603496
A178: =Sheet1!B179 +Sheet3!$G$1 -Sheet3!$G$1*COS(Sheet1!G179) -> 0.50696066 | B178: =Sheet1!C179-Sheet3!$G$1*SIN(Sheet1!G179) -> 0.26635367 | C178: =Sheet1!R183 - Sheet3!$G$2 + Sheet3!$G$2*COS(Sheet1!W183) -> 0.46668004 | D178: =Sheet1!S183 + Sheet3!$G$2*SIN(Sheet1!W183) -> 0.33091528
... A208: =Sheet1!B209 +Sheet3!$G$1 -Sheet3!$G$1*COS(Sheet1!G209) -> 0.51157552 | B208: =Sheet1!C209-Sheet3!$G$1*SIN(Sheet1!G209) -> 0.53987559 | C208: =Sheet1!R213 - Sheet3!$G$2 + Sheet3!$G$2*COS(Sheet1!W213) -> 0.46483596 | D208: =Sheet1!S213 + Sheet3!$G$2*SIN(Sheet1!W213) -> 0.51469081
A209: =Sheet1!B210 +Sheet3!$G$1 -Sheet3!$G$1*COS(Sheet1!G210) -> 0.51110216 | B209: =Sheet1!C210-Sheet3!$G$1*SIN(Sheet1!G210) -> 0.53871125
A210: =Sheet1!B211 +Sheet3!$G$1 -Sheet3!$G$1*COS(Sheet1!G211) -> 0.51248535 | B210: =Sheet1!C211-Sheet3!$G$1*SIN(Sheet1!G211) -> 0.54021804 | C210: =Sheet1!R215 - Sheet3!$G$2 + Sheet3!$G$2*COS(Sheet1!W215) -> 0.46452594 | D210: =Sheet1!S215 + Sheet3!$G$2*SIN(Sheet1!W215) -> 0.51255765
A211: =Sheet1!B212 +Sheet3!$G$1 -Sheet3!$G$1*COS(Sheet1!G212) -> 0.51431739 | B211: =Sheet1!C212-Sheet3!$G$1*SIN(Sheet1!G212) -> 0.53958198 | C211: =Sheet1!R216 - Sheet3!$G$2 + Sheet3!$G$2*COS(Sheet1!W216) -> 0.46410632 | D211: =Sheet1!S216 + Sheet3!$G$2*SIN(Sheet1!W216) -> 0.51335781
A212: =Sheet1!B213 +Sheet3!$G$1 -Sheet3!$G$1*COS(Sheet1!G213) -> 0.51515087 | B212: =Sheet1!C213-Sheet3!$G$1*SIN(Sheet1!G213) -> 0.53694768 | C212: =Sheet1!R217 - Sheet3!$G$2 + Sheet3!$G$2*COS(Sheet1!W217) -> 0.46640738 | D212: =Sheet1!S217 + Sheet3!$G$2*SIN(Sheet1!W217) -> 0.51386434
A213: =Sheet1!B214 +Sheet3!$G$1 -Sheet3!$G$1*COS(Sheet1!G214) -> 0.51638962 | B213: =Sheet1!C214-Sheet3!$G$1*SIN(Sheet1!G214) -> 0.53599174 | C213: =Sheet1!R218 - Sheet3!$G$2 + Sheet3!$G$2*COS(Sheet1!W218) -> 0.46808159 | D213: =Sheet1!S218 + Sheet3!$G$2*SIN(Sheet1!W218) -> 0.51240583
A214: =Sheet1!B215 +Sheet3!$G$1 -Sheet3!$G$1*COS(Sheet1!G215) -> 0.51872143 | B214: =Sheet1!C215-Sheet3!$G$1*SIN(Sheet1!G215) -> 0.53508488 | C214: =Sheet1!R219 - Sheet3!$G$2 + Sheet3!$G$2*COS(Sheet1!W219) -> 0.46801773 | D214: =Sheet1!S219 + Sheet3!$G$2*SIN(Sheet1!W219) -> 0.51369626
A215: =Sheet1!B216 +Sheet3!$G$1 -Sheet3!$G$1*COS(Sheet1!G216) -> 0.52121574 | B215: =Sheet1!C216-Sheet3!$G$1*SIN(Sheet1!G216) -> 0.52921296 | C215: =Sheet1!R220 - Sheet3!$G$2 + Sheet3!$G$2*COS(Sheet1!W220) -> 0.4736307 | D215: =Sheet1!S220 + Sheet3!$G$2*SIN(Sheet1!W220) -> 0.51572652
A216: =Sheet1!B217 +Sheet3!$G$1 -Sheet3!$G$1*COS(Sheet1!G217) -> 0.52289266 | B216: =Sheet1!C217-Sheet3!$G$1*SIN(Sheet1!G217) -> 0.52764195 | C216: =Sheet1!R221 - Sheet3!$G$2 + Sheet3!$G$2*COS(Sheet1!W221) -> 0.48691155 | D216: =Sheet1!S221 + Sheet3!$G$2*SIN(Sheet1!W221) -> 0.52014491
A217: =Sheet1!B218 +Sheet3!$G$1 -Sheet3!$G$1*COS(Sheet1!G218) -> 0.52279079 | B217: =Sheet1!C218-Sheet3!$G$1*SIN(Sheet1!G218) -> 0.52772685
A218: =Sheet1!B219 +Sheet3!$G$1 -Sheet3!$G$1*COS(Sheet1!G219) -> 0.52403698 | B218: =Sheet1!C219-Sheet3!$G$1*SIN(Sheet1!G219) -> 0.52740417 | C218: =Sheet1!R223 - Sheet3!$G$2 + Sheet3!$G$2*COS(Sheet1!W223) -> 0.48713987 | D218: =Sheet1!S223 + Sheet3!$G$2*SIN(Sheet1!W223) -> 0.51853386
A219: =Sheet1!B220 +Sheet3!$G$1 -Sheet3!$G$1*COS(Sheet1!G220) -> 0.52630948 | B219: =Sheet1!C220-Sheet3!$G$1*SIN(Sheet1!G220) -> 0.5264612 | C219: =Sheet1!R224 - Sheet3!$G$2 + Sheet3!$G$2*COS(Sheet1!W224) -> 0.48846981 | D219: =Sheet1!S224 + Sheet3!$G$2*SIN(Sheet1!W224) -> 0.51764824
A220: =Sheet1!B221 +Sheet3!$G$1 -Sheet3!$G$1*COS(Sheet1!G221) -> 0.5276961 | B220: =Sheet1!C221-Sheet3!$G$1*SIN(Sheet1!G221) -> 0.52473084 | C220: =Sheet1!R225 - Sheet3!$G$2 + Sheet3!$G$2*COS(Sheet1!W225) -> 0.49610978 | D220: =Sheet1!S225 + Sheet3!$G$2*SIN(Sheet1!W225) -> 0.52177033
A221: =Sheet1!B222 +Sheet3!$G$1 -Sheet3!$G$1*COS(Sheet1!G222) -> 0.52927241 | B221: =Sheet1!C222-Sheet3!$G$1*SIN(Sheet1!G222) -> 0.52338131 | C221: =Sheet1!R226 - Sheet3!$G$2 + Sheet3!$G$2*COS(Sheet1!W226) -> 0.49705391 | D221: =Sheet1!S226 + Sheet3!$G$2*SIN(Sheet1!W226) -> 0.5260231
A222: =Sheet1!B223 +Sheet3!$G$1 -Sheet3!$G$1*COS(Sheet1!G223) -> 0.53011337 | B222: =Sheet1!C223-Sheet3!$G$1*SIN(Sheet1!G223) -> 0.52362991 | C222: =Sheet1!R227 - Sheet3!$G$2 + Sheet3!$G$2*COS(Sheet1!W227) -> 0.49705391 | D222: =Sheet1!S227 + Sheet3!$G$2*SIN(Sheet1!W227) -> 0.5260231
A223: =Sheet1!B224 +Sheet3!$G$1 -Sheet3!$G$1*COS(Sheet1!G224) -> 0.53230893 | B223: =Sheet1!C224-Sheet3!$G$1*SIN(Sheet1!G224) -> 0.52396114 | C223: =Sheet1!R228 - Sheet3!$G$2 + Sheet3!$G$2*COS(Sheet1!W228) -> 0.49726452 | D223: =Sheet1!S228 + Sheet3!$G$2*SIN(Sheet1!W228) -> 0.52313459
A224: =Sheet1!B225 +Sheet3!$G$1 -Sheet3!$G$1*COS(Sheet1!G225) -> 0.53512894 | B224: =Sheet1!C225-Sheet3!$G$1*SIN(Sheet1!G225) -> 0.52371058 | C224: =Sheet1!R229 - Sheet3!$G$2 + Sheet3!$G$2*COS(Sheet1!W229) -> 0.49805836 | D224: =Sheet1!S229 + Sheet3!$G$2*SIN(Sheet1!W229) -> 0.52284656
A225: =Sheet1!B226 +Sheet3!$G$1 -Sheet3!$G$1*COS(Sheet1!G226) -> 0.53723609 | B225: =Sheet1!C226-Sheet3!$G$1*SIN(Sheet1!G226) -> 0.52259807 | C225: =Sheet1!R230 - Sheet3!$G$2 + Sheet3!$G$2*COS(Sheet1!W230) -> 0.49661276 | D225: =Sheet1!S230 + Sheet3!$G$2*SIN(Sheet1!W230) -> 0.52099552
A226: =Sheet1!B227 +Sheet3!$G$1 -Sheet3!$G$1*COS(Sheet1!G227) -> 0.53935484 | B226: =Sheet1!C227-Sheet3!$G$1*SIN(Sheet1!G227) -> 0.52234802 | C226: =Sheet1!R231 - Sheet3!$G$2 + Sheet3!$G$2*COS(Sheet1!W231) -> 0.49860987 | D226: =Sheet1!S231 + Sheet3!$G$2*SIN(Sheet1!W231) -> 0.52063822
A227: =Sheet1!B228 +Sheet3!$G$1 -Sheet3!$G$1*COS(Sheet1!G228) -> 0.54144587 | B227: =Sheet1!C228-Sheet3!$G$1*SIN(Sheet1!G228) -> 0.52184796 | C227: =Sheet1!R232 - Sheet3!$G$2 + Sheet3!$G$2*COS(Sheet1!W232) -> 0.49860987 | D227: =Sheet1!S232 + Sheet3!$G$2*SIN(Sheet1!W232) -> 0.52063822
A228: =Sheet1!B229 +Sheet3!$G$1 -Sheet3!$G$1*COS(Sheet1!G229) -> 0.5422339 | B228: =Sheet1!C229-Sheet3!$G$1*SIN(Sheet1!G229) -> 0.52305834 | C228: =Sheet1!R233 - Sheet3!$G$2 + Sheet3!$G$2*COS(Sheet1!W233) -> 0.49769115 | D228: =Sheet1!S233 + Sheet3!$G$2*SIN(Sheet1!W233) -> 0.52019566
A229: =Sheet1!B230 +Sheet3!$G$1 -Sheet3!$G$1*COS(Sheet1!G230) -> 0.5449682 | B229: =Sheet1!C230-Sheet3!$G$1*SIN(Sheet1!G230) -> 0.52347945 | C229: =Sheet1!R234 - Sheet3!$G$2 + Sheet3!$G$2*COS(Sheet1!W234) -> 0.49939439 | D229: =Sheet1!S234 + Sheet3!$G$2*SIN(Sheet1!W234) -> 0.51793045
... A238: =Sheet1!B239 +Sheet3!$G$1 -Sheet3!$G$1*COS(Sheet1!G239) -> 0.53857789 | B238: =Sheet1!C239-Sheet3!$G$1*SIN(Sheet1!G239) -> 0.52779977 | C238: =Sheet1!R243 - Sheet3!$G$2 + Sheet3!$G$2*COS(Sheet1!W243) -> 0.51032044 | D238: =Sheet1!S243 + Sheet3!$G$2*SIN(Sheet1!W243) -> 0.5077873
A239: =Sheet1!B240 +Sheet3!$G$1 -Sheet3!$G$1*COS(Sheet1!G240) -> 0.53796384 | B239: =Sheet1!C240-Sheet3!$G$1*SIN(Sheet1!G240) -> 0.5273572
A240: =Sheet1!B241 +Sheet3!$G$1 -Sheet3!$G$1*COS(Sheet1!G241) -> 0.53591093 | B240: =Sheet1!C241-Sheet3!$G$1*SIN(Sheet1!G241) -> 0.52580648 | C240: =Sheet1!R245 - Sheet3!$G$2 + Sheet3!$G$2*COS(Sheet1!W245) -> 0.51220996 | D240: =Sheet1!S245 + Sheet3!$G$2*SIN(Sheet1!W245) -> 0.50473678
A241: =Sheet1!B242 +Sheet3!$G$1 -Sheet3!$G$1*COS(Sheet1!G242) -> 0.53475592 | B241: =Sheet1!C242-Sheet3!$G$1*SIN(Sheet1!G242) -> 0.5242145 | C241: =Sheet1!R246 - Sheet3!$G$2 + Sheet3!$G$2*COS(Sheet1!W246) -> 0.51299502 | D241: =Sheet1!S246 + Sheet3!$G$2*SIN(Sheet1!W246) -> 0.50380725
A242: =Sheet1!B243 +Sheet3!$G$1 -Sheet3!$G$1*COS(Sheet1!G243) -> 0.53359558 | B242: =Sheet1!C243-Sheet3!$G$1*SIN(Sheet1!G243) -> 0.52381323 | C242: =Sheet1!R247 - Sheet3!$G$2 + Sheet3!$G$2*COS(Sheet1!W247) -> 0.52006412 | D242: =Sheet1!S247 + Sheet3!$G$2*SIN(Sheet1!W247) -> 0.49957786
A243: =Sheet1!B244 +Sheet3!$G$1 -Sheet3!$G$1*COS(Sheet1!G244) -> 0.53129345 | B243: =Sheet1!C244-Sheet3!$G$1*SIN(Sheet1!G244) -> 0.5223522 | C243: =Sheet1!R248 - Sheet3!$G$2 + Sheet3!$G$2*COS(Sheet1!W248) -> 0.52318943 | D243: =Sheet1!S248 + Sheet3!$G$2*SIN(Sheet1!W248) -> 0.49676738
A244: =Sheet1!B245 +Sheet3!$G$1 -Sheet3!$G$1*COS(Sheet1!G245) -> 0.52832673 | B244: =Sheet1!C245-Sheet3!$G$1*SIN(Sheet1!G245) -> 0.52299175 | C244: =Sheet1!R249 - Sheet3!$G$2 + Sheet3!$G$2*COS(Sheet1!W249) -> 0.52318943 | D244: =Sheet1!S249 + Sheet3!$G$2*SIN(Sheet1!W249) -> 0.49676738
A245: =Sheet1!B246 +Sheet3!$G$1 -Sheet3!$G$1*COS(Sheet1!G246) -> 0.52730142 | B245: =Sheet1!C246-Sheet3!$G$1*SIN(Sheet1!G246) -> 0.52279275 | C245: =Sheet1!R250 - Sheet3!$G$2 + Sheet3!$G$2*COS(Sheet1!W250) -> 0.52245857 | D245: =Sheet1!S250 + Sheet3!$G$2*SIN(Sheet1!W250) -> 0.49724355
A246: =Sheet1!B247 +Sheet3!$G$1 -Sheet3!$G$1*COS(Sheet1!G247) -> 0.52594134 | B246: =Sheet1!C247-Sheet3!$G$1*SIN(Sheet1!G247) -> 0.51957799 | C246: =Sheet1!R251 - Sheet3!$G$2 + Sheet3!$G$2*COS(Sheet1!W251) -> 0.5247825 | D246: =Sheet1!S251 + Sheet3!$G$2*SIN(Sheet1!W251) -> 0.49551802
A247: =Sheet1!B248 +Sheet3!$G$1 -Sheet3!$G$1*COS(Sheet1!G248) -> 0.52593717 | B247: =Sheet1!C248-Sheet3!$G$1*SIN(Sheet1!G248) -> 0.52120532 | C247: =Sheet1!R252 - Sheet3!$G$2 + Sheet3!$G$2*COS(Sheet1!W252) -> 0.52528374 | D247: =Sheet1!S252 + Sheet3!$G$2*SIN(Sheet1!W252) -> 0.49624391
A248: =Sheet1!B249 +Sheet3!$G$1 -Sheet3!$G$1*COS(Sheet1!G249) -> 0.52407823 | B248: =Sheet1!C249-Sheet3!$G$1*SIN(Sheet1!G249) -> 0.51976775 | C248: =Sheet1!R253 - Sheet3!$G$2 + Sheet3!$G$2*COS(Sheet1!W253) -> 0.52373176 | D248: =Sheet1!S253 + Sheet3!$G$2*SIN(Sheet1!W253) -> 0.49782173
A249: =Sheet1!B250 +Sheet3!$G$1 -Sheet3!$G$1*COS(Sheet1!G250) -> 0.52369243 | B249: =Sheet1!C250-Sheet3!$G$1*SIN(Sheet1!G250) -> 0.51837833 | C249: =Sheet1!R254 - Sheet3!$G$2 + Sheet3!$G$2*COS(Sheet1!W254) -> 0.5229503 | D249: =Sheet1!S254 + Sheet3!$G$2*SIN(Sheet1!W254) -> 0.49660244
A250: =Sheet1!B251 +Sheet3!$G$1 -Sheet3!$G$1*COS(Sheet1!G251) -> 0.52303957 | B250: =Sheet1!C251-Sheet3!$G$1*SIN(Sheet1!G251) -> 0.51988069 | C250: =Sheet1!R255 - Sheet3!$G$2 + Sheet3!$G$2*COS(Sheet1!W255) -> 0.52361721 | D250: =Sheet1!S255 + Sheet3!$G$2*SIN(Sheet1!W255) -> 0.49734059
A251: =Sheet1!B252 +Sheet3!$G$1 -Sheet3!$G$1*COS(Sheet1!G252) -> 0.52159669 | B251: =Sheet1!C252-Sheet3!$G$1*SIN(Sheet1!G252) -> 0.51930086 | C251: =Sheet1!R256 - Sheet3!$G$2 + Sheet3!$G$2*COS(Sheet1!W256) -> 0.52363286 | D251: =Sheet1!S256 + Sheet3!$G$2*SIN(Sheet1!W256) -> 0.48926987
... A322: =Sheet1!B323 +Sheet3!$G$1 -Sheet3!$G$1*COS(Sheet1!G323) -> -0.01433873 | B322: =Sheet1!C323-Sheet3!$G$1*SIN(Sheet1!G323) -> 0.52386526 | C322: =Sheet1!R327 - Sheet3!$G$2 + Sheet3!$G$2*COS(Sheet1!W327) -> 0.013126774 | D322: =Sheet1!S327 + Sheet3!$G$2*SIN(Sheet1!W327) -> 0.43836438
A323: =Sheet1!B324 +Sheet3!$G$1 -Sheet3!$G$1*COS(Sheet1!G324) -> -0.014011488 | B323: =Sheet1!C324-Sheet3!$G$1*SIN(Sheet1!G324) -> 0.52384899
A324: =Sheet1!B325 +Sheet3!$G$1 -Sheet3!$G$1*COS(Sheet1!G325) -> -0.013245597 | B324: =Sheet1!C325-Sheet3!$G$1*SIN(Sheet1!G325) -> 0.52538961 | C324: =Sheet1!R329 - Sheet3!$G$2 + Sheet3!$G$2*COS(Sheet1!W329) -> 0.014988716 | D324: =Sheet1!S329 + Sheet3!$G$2*SIN(Sheet1!W329) -> 0.43747224
A325: =Sheet1!B326 +Sheet3!$G$1 -Sheet3!$G$1*COS(Sheet1!G326) -> -0.01461698 | B325: =Sheet1!C326-Sheet3!$G$1*SIN(Sheet1!G326) -> 0.5257191 | C325: =Sheet1!R330 - Sheet3!$G$2 + Sheet3!$G$2*COS(Sheet1!W330) -> 0.017340101 | D325: =Sheet1!S330 + Sheet3!$G$2*SIN(Sheet1!W330) -> 0.43908681
A326: =Sheet1!B327 +Sheet3!$G$1 -Sheet3!$G$1*COS(Sheet1!G327) -> -0.013016552 | B326: =Sheet1!C327-Sheet3!$G$1*SIN(Sheet1!G327) -> 0.52279153 | C326: =Sheet1!R331 - Sheet3!$G$2 + Sheet3!$G$2*COS(Sheet1!W331) -> 0.019255789 | D326: =Sheet1!S331 + Sheet3!$G$2*SIN(Sheet1!W331) -> 0.43797929
A327: =Sheet1!B328 +Sheet3!$G$1 -Sheet3!$G$1*COS(Sheet1!G328) -> -0.012042744 | B327: =Sheet1!C328-Sheet3!$G$1*SIN(Sheet1!G328) -> 0.52203126 | C327: =Sheet1!R332 - Sheet3!$G$2 + Sheet3!$G$2*COS(Sheet1!W332) -> 0.021513386 | D327: =Sheet1!S332 + Sheet3!$G$2*SIN(Sheet1!W332) -> 0.43901586
A328: =Sheet1!B329 +Sheet3!$G$1 -Sheet3!$G$1*COS(Sheet1!G329) -> -0.011209526 | B328: =Sheet1!C329-Sheet3!$G$1*SIN(Sheet1!G329) -> 0.52256306 | C328: =Sheet1!R333 - Sheet3!$G$2 + Sheet3!$G$2*COS(Sheet1!W333) -> 0.019800321 | D328: =Sheet1!S333 + Sheet3!$G$2*SIN(Sheet1!W333) -> 0.43991508
A329: =Sheet1!B330 +Sheet3!$G$1 -Sheet3!$G$1*COS(Sheet1!G330) -> -0.010635592 | B329: =Sheet1!C330-Sheet3!$G$1*SIN(Sheet1!G330) -> 0.52202515 | C329: =Sheet1!R334 - Sheet3!$G$2 + Sheet3!$G$2*COS(Sheet1!W334) -> 0.016752364 | D329: =Sheet1!S334 + Sheet3!$G$2*SIN(Sheet1!W334) -> 0.44734519
A330: =Sheet1!B331 +Sheet3!$G$1 -Sheet3!$G$1*COS(Sheet1!G331) -> -0.011725244 | B330: =Sheet1!C331-Sheet3!$G$1*SIN(Sheet1!G331) -> 0.52083945 | C330: =Sheet1!R335 - Sheet3!$G$2 + Sheet3!$G$2*COS(Sheet1!W335) -> 0.00905647 | D330: =Sheet1!S335 + Sheet3!$G$2*SIN(Sheet1!W335) -> 0.45365808
A331: =Sheet1!B332 +Sheet3!$G$1 -Sheet3!$G$1*COS(Sheet1!G332) -> -0.012127712 | B331: =Sheet1!C332-Sheet3!$G$1*SIN(Sheet1!G332) -> 0.5204743 | C331: =Sheet1!R336 - Sheet3!$G$2 + Sheet3!$G$2*COS(Sheet1!W336) -> 0.0078891383 | D331: =Sheet1!S336 + Sheet3!$G$2*SIN(Sheet1!W336) -> 0.45513955
A332: =Sheet1!B333 +Sheet3!$G$1 -Sheet3!$G$1*COS(Sheet1!G333) -> -0.011369344 | B332: =Sheet1!C333-Sheet3!$G$1*SIN(Sheet1!G333) -> 0.51967981 | C332: =Sheet1!R337 - Sheet3!$G$2 + Sheet3!$G$2*COS(Sheet1!W337) -> 0.0078891383 | D332: =Sheet1!S337 + Sheet3!$G$2*SIN(Sheet1!W337) -> 0.45513955
A333: =Sheet1!B334 +Sheet3!$G$1 -Sheet3!$G$1*COS(Sheet1!G334) -> -0.010640751 | B333: =Sheet1!C334-Sheet3!$G$1*SIN(Sheet1!G334) -> 0.51874416 | C333: =Sheet1!R338 - Sheet3!$G$2 + Sheet3!$G$2*COS(Sheet1!W338) -> 0.011311755 | D333: =Sheet1!S338 + Sheet3!$G$2*SIN(Sheet1!W338) -> 0.45596465
A334: =Sheet1!B335 +Sheet3!$G$1 -Sheet3!$G$1*COS(Sheet1!G335) -> -0.01030026 | B334: =Sheet1!C335-Sheet3!$G$1*SIN(Sheet1!G335) -> 0.51925418 | C334: =Sheet1!R339 - Sheet3!$G$2 + Sheet3!$G$2*COS(Sheet1!W339) -> 0.010650681 | D334: =Sheet1!S339 + Sheet3!$G$2*SIN(Sheet1!W339) -> 0.45539834
A335: =Sheet1!B336 +Sheet3!$G$1 -Sheet3!$G$1*COS(Sheet1!G336) -> -0.010596266 | B335: =Sheet1!C336-Sheet3!$G$1*SIN(Sheet1!G336) -> 0.51796803 | C335: =Sheet1!R340 - Sheet3!$G$2 + Sheet3!$G$2*COS(Sheet1!W340) -> 0.010868796 | D335: =Sheet1!S340 + Sheet3!$G$2*SIN(Sheet1!W340) -> 0.45703601
... A385: =Sheet1!B386 +Sheet3!$G$1 -Sheet3!$G$1*COS(Sheet1!G386) -> -0.012439936 | B385: =Sheet1!C386-Sheet3!$G$1*SIN(Sheet1!G386) -> 0.53064161 | C385: =Sheet1!R390 - Sheet3!$G$2 + Sheet3!$G$2*COS(Sheet1!W390) -> 0.021604595 | D385: =Sheet1!S390 + Sheet3!$G$2*SIN(Sheet1!W390) -> 0.45587311
A386: =Sheet1!B387 +Sheet3!$G$1 -Sheet3!$G$1*COS(Sheet1!G387) -> -0.015765634 | B386: =Sheet1!C387-Sheet3!$G$1*SIN(Sheet1!G387) -> 0.52966157
A387: =Sheet1!B388 +Sheet3!$G$1 -Sheet3!$G$1*COS(Sheet1!G388) -> -0.012644395 | B387: =Sheet1!C388-Sheet3!$G$1*SIN(Sheet1!G388) -> 0.5295614 | C387: =Sheet1!R392 - Sheet3!$G$2 + Sheet3!$G$2*COS(Sheet1!W392) -> 0.018885287 | D387: =Sheet1!S392 + Sheet3!$G$2*SIN(Sheet1!W392) -> 0.42042167
A388: =Sheet1!B389 +Sheet3!$G$1 -Sheet3!$G$1*COS(Sheet1!G389) -> -0.009316348 | B388: =Sheet1!C389-Sheet3!$G$1*SIN(Sheet1!G389) -> 0.53111077 | C388: =Sheet1!R393 - Sheet3!$G$2 + Sheet3!$G$2*COS(Sheet1!W393) -> 0.017272725 | D388: =Sheet1!S393 + Sheet3!$G$2*SIN(Sheet1!W393) -> 0.40361482
A389: =Sheet1!B390 +Sheet3!$G$1 -Sheet3!$G$1*COS(Sheet1!G390) -> -0.0097701715 | B389: =Sheet1!C390-Sheet3!$G$1*SIN(Sheet1!G390) -> 0.51258365 | C389: =Sheet1!R394 - Sheet3!$G$2 + Sheet3!$G$2*COS(Sheet1!W394) -> 0.015619588 | D389: =Sheet1!S394 + Sheet3!$G$2*SIN(Sheet1!W394) -> 0.39142849
A390: =Sheet1!B391 +Sheet3!$G$1 -Sheet3!$G$1*COS(Sheet1!G391) -> -0.014908963 | B390: =Sheet1!C391-Sheet3!$G$1*SIN(Sheet1!G391) -> 0.49200558 | C390: =Sheet1!R395 - Sheet3!$G$2 + Sheet3!$G$2*COS(Sheet1!W395) -> 0.015621956 | D390: =Sheet1!S395 + Sheet3!$G$2*SIN(Sheet1!W395) -> 0.39184842
A391: =Sheet1!B392 +Sheet3!$G$1 -Sheet3!$G$1*COS(Sheet1!G392) -> -0.012568606 | B391: =Sheet1!C392-Sheet3!$G$1*SIN(Sheet1!G392) -> 0.47725316 | C391: =Sheet1!R396 - Sheet3!$G$2 + Sheet3!$G$2*COS(Sheet1!W396) -> 0.015621956 | D391: =Sheet1!S396 + Sheet3!$G$2*SIN(Sheet1!W396) -> 0.39184842
A392: =Sheet1!B393 +Sheet3!$G$1 -Sheet3!$G$1*COS(Sheet1!G393) -> -0.01137285 | B392: =Sheet1!C393-Sheet3!$G$1*SIN(Sheet1!G393) -> 0.46551623 | C392: =Sheet1!R397 - Sheet3!$G$2 + Sheet3!$G$2*COS(Sheet1!W397) -> 0.012968665 | D392: =Sheet1!S397 + Sheet3!$G$2*SIN(Sheet1!W397) -> 0.3515579
...
